學號,姓名,國文,數學,英文,總分,平均
S0001,劉彥宏,60,59,53,172,57.3
S0002,吳雅涵,50,82,72,204,68.0
S0003,陳文凱,59,77,83,219,73.0
S0004,林雅涵,71,59,73,203,67.7
S0005,高志豪,93,96,55,244,81.3
S0006,錢志龍,58,93,66,217,72.3
S0007,吳建志,67,99,67,233,77.7
S0008,曾俊賢,91,74,79,244,81.3
S0009,劉淑惠,50,80,63,193,64.3
S0010,石雅玲,81,57,90,228,76.0
S0011,李哲宇,94,63,50,207,69.0
S0012,楊淑惠,62,74,85,221,73.7
S0013,蘇聖凱,58,87,62,207,69.0
S0014,李雅惠,79,91,60,230,76.7
S0015,許彥宏,85,89,80,254,84.7
S0016,楊佳蓉,59,97,47,203,67.7
S0017,施明哲,58,81,90,229,76.3
S0018,施冠霖,70,86,74,230,76.7
S0019,鄭冠宇,92,80,79,251,83.7
S0020,江佩宜,82,70,68,220,73.3
S0021,楊佩珊,77,76,50,203,67.7
S0022,張淑真,85,55,95,235,78.3
S0023,錢淑惠,69,83,74,226,75.3
S0024,馬冠穎,45,88,91,224,74.7
S0025,劉雅涵,93,62,94,249,83.0
S0026,盧俊宇,55,74,45,174,58.0
S0027,江美慧,77,51,85,213,71.0
S0028,何宜蓁,83,57,54,194,64.7
S0029,蘇雅涵,94,78,45,217,72.3
S0030,曾建宏,52,68,98,218,72.7
S0031,何冠宇,81,50,50,181,60.3
S0032,潘雅涵,94,53,53,200,66.7
S0033,宋雅惠,61,78,83,222,74.0
S0034,錢雅涵,93,91,89,273,91.0
S0035,洪怡萱,87,86,68,241,80.3
S0036,羅雅筑,52,60,59,171,57.0
S0037,李承翰,80,59,82,221,73.7
S0038,楊宗翰,59,49,47,155,51.7
S0039,盧冠宇,62,87,76,225,75.0
S0040,邱美瑤,81,75,60,216,72.0
S0041,宋雅文,51,51,87,189,63.0
S0042,錢宏達,74,91,48,213,71.0
S0043,吳昱廷,96,51,60,207,69.0
S0044,洪哲瑋,53,72,56,181,60.3
S0045,游明哲,73,96,99,268,89.3
S0046,孫育誠,98,45,50,193,64.3
S0047,周冠霖,75,58,70,203,67.7
S0048,張志豪,69,61,95,225,75.0
S0049,魏冠穎,87,90,76,253,84.3
S0050,鄭文凱,48,82,92,222,74.0
S0051,范柏翰,48,48,82,178,59.3
S0052,宋欣彤,55,48,77,180,60.0
S0053,黃雅琪,83,49,88,220,73.3
S0054,周志遠,60,82,83,225,75.0
S0055,陳欣妤,87,82,81,250,83.3
S0056,馬彥廷,58,87,90,235,78.3
S0057,施佳翰,53,87,86,226,75.3
S0058,何明哲,45,74,84,203,67.7
S0059,趙雅琪,79,58,77,214,71.3
S0060,江聖凱,49,60,68,177,59.0
S0061,方育誠,90,64,84,238,79.3
S0062,馬冠穎,64,87,51,202,67.3
S0063,蔡建志,92,80,54,226,75.3
S0064,游文凱,90,66,58,214,71.3
S0065,江欣儀,99,48,50,197,65.7
S0066,錢美玲,45,66,94,205,68.3
S0067,蔡欣儀,55,92,73,220,73.3
S0068,孫淑媛,45,52,49,146,48.7
S0069,鄭雅玲,82,80,54,216,72.0
S0070,錢宇軒,68,95,47,210,70.0
S0071,戴冠宇,87,51,67,205,68.3
S0072,孫欣妤,84,92,54,230,76.7
S0073,周美慧,71,46,56,173,57.7
S0074,盧欣妤,96,87,92,275,91.7
S0075,周建志,69,47,99,215,71.7
S0076,宋宗緯,67,64,97,228,76.0
S0077,楊俊傑,70,66,62,198,66.0
S0078,李佩瑩,67,86,77,230,76.7
S0079,葉雅涵,66,46,52,164,54.7
S0080,江彥廷,47,51,83,181,60.3
S0081,錢柏翰,72,83,77,232,77.3
S0082,劉志遠,57,61,47,165,55.0
S0083,錢育誠,88,91,92,271,90.3
S0084,洪明哲,87,66,84,237,79.0
S0085,施雅雯,91,64,77,232,77.3
S0086,何美華,70,89,63,222,74.0
S0087,孫宏達,87,69,88,244,81.3
S0088,謝淑娟,70,80,98,248,82.7
S0089,王文凱,72,95,82,249,83.0
S0090,曾淑萍,73,73,88,234,78.0
S0091,邱雅惠,87,50,63,200,66.7
S0092,鍾雅晴,66,50,97,213,71.0
S0093,周雅萍,96,57,54,207,69.0
S0094,林品睿,84,99,94,277,92.3
S0095,李志遠,57,90,89,236,78.7
S0096,紀冠宇,54,86,89,229,76.3
S0097,王淑華,94,72,59,225,75.0
S0098,謝欣彤,74,48,80,202,67.3
S0099,周雅雯,74,53,96,223,74.3
S0100,魏淑媛,83,65,93,241,80.3
S0101,羅宜蓁,72,98,80,250,83.3
S0102,羅品妍,73,61,93,227,75.7
S0103,周佩瑩,94,94,78,266,88.7
S0104,潘佩瑩,73,49,90,212,70.7
S0105,方昱廷,65,79,50,194,64.7
S0106,蔡文翔,89,54,90,233,77.7
S0107,邱宏達,66,79,74,219,73.0
S0108,卓宏達,69,94,82,245,81.7
S0109,林美瑤,69,75,45,189,63.0
S0110,戴文翔,99,98,71,268,89.3
S0111,范雅涵,96,83,59,238,79.3
S0112,潘俊宇,76,46,69,191,63.7
S0113,盧怡萱,91,55,98,244,81.3
S0114,魏雅晴,79,46,70,195,65.0
S0115,高淑芬,50,86,72,208,69.3
S0116,蔡美慧,48,61,69,178,59.3
S0117,施柏翰,66,93,69,228,76.0
S0118,游欣妤,61,98,50,209,69.7
S0119,宋育誠,48,67,59,174,58.0
S0120,李美玲,93,46,60,199,66.3
S0121,洪雅晴,54,60,53,167,55.7
S0122,宋美瑤,58,74,89,221,73.7
S0123,江雅惠,83,83,92,258,86.0
S0124,劉雅惠,64,51,82,197,65.7
S0125,林美瑤,88,69,70,227,75.7
S0126,洪冠宇,51,89,94,234,78.0
S0127,何怡蓁,96,52,95,243,81.0
S0128,趙佩君,79,72,87,238,79.3
S0129,蘇昱廷,45,99,71,215,71.7
S0130,潘家豪,85,98,74,257,85.7
S0131,鄭仁豪,86,62,84,232,77.3
S0132,范淑萍,72,97,91,260,86.7
S0133,高冠宇,98,50,62,210,70.0
S0134,羅宗緯,81,84,87,252,84.0
S0135,紀冠霖,99,65,56,220,73.3
S0136,潘彥廷,66,62,83,211,70.3
S0137,游欣彤,57,50,60,167,55.7
S0138,卓冠宇,89,75,86,250,83.3
S0139,潘建宏,50,63,59,172,57.3
S0140,葉淑娟,87,82,68,237,79.0
S0141,宋佩君,72,92,80,244,81.3
S0142,盧宗緯,62,64,61,187,62.3
S0143,楊俊傑,65,52,92,209,69.7
S0144,范美慧,57,58,92,207,69.0
S0145,宋承翰,93,78,83,254,84.7
S0146,方雅文,63,59,68,190,63.3
S0147,謝育誠,53,62,47,162,54.0
S0148,張佩珊,85,93,76,254,84.7
S0149,吳美瑤,63,75,75,213,71.0
S0150,羅宗翰,61,75,52,188,62.7
S0151,李明哲,81,85,88,254,84.7
S0152,張志遠,64,50,60,174,58.0
S0153,劉欣妤,83,83,95,261,87.0
S0154,石仁豪,69,73,73,215,71.7
S0155,何佩宜,64,81,84,229,76.3
S0156,張淑華,93,58,85,236,78.7
S0157,邱志偉,55,60,56,171,57.0
S0158,孫志豪,71,73,89,233,77.7
S0159,曾俊賢,59,63,90,212,70.7
S0160,方淑萍,49,88,59,196,65.3
S0161,江佩蓉,87,96,57,240,80.0
S0162,錢哲宇,86,54,62,202,67.3
S0163,鄭建國,95,64,83,242,80.7
S0164,趙雅筑,52,74,89,215,71.7
S0165,何佩瑩,77,79,76,232,77.3
S0166,羅俊賢,72,92,65,229,76.3
S0167,曾志偉,59,88,98,245,81.7
S0168,趙淑芬,93,88,97,278,92.7
S0169,游美慧,75,78,86,239,79.7
S0170,羅美慧,82,72,85,239,79.7
S0171,潘品妍,67,71,66,204,68.0
S0172,施雅惠,66,71,89,226,75.3
S0173,潘佳翰,97,93,80,270,90.0
S0174,陳柏翰,61,65,52,178,59.3
S0175,葉雅婷,87,79,74,240,80.0
S0176,卓仁豪,68,84,93,245,81.7
S0177,潘佳蓉,58,62,80,200,66.7
S0178,蔡雅筑,89,76,52,217,72.3
S0179,林怡蓁,96,60,90,246,82.0
S0180,許志豪,80,71,50,201,67.0
S0181,楊雅雯,74,52,86,212,70.7
S0182,鄭宗諺,77,90,62,229,76.3
S0183,卓品妍,60,74,80,214,71.3
S0184,鄭彥霖,77,92,53,222,74.0
S0185,李宏達,66,95,77,238,79.3
S0186,游雅琳,91,64,98,253,84.3
S0187,高佳穎,54,73,79,206,68.7
S0188,宋冠穎,93,79,69,241,80.3
S0189,魏雅文,89,60,81,230,76.7
S0190,紀宏達,47,65,92,204,68.0
S0191,宋淑惠,69,87,95,251,83.7
S0192,鄭俊賢,53,77,82,212,70.7
S0193,盧雅筑,51,78,74,203,67.7
S0194,王欣妤,86,54,49,189,63.0
S0195,宋欣儀,66,84,89,239,79.7
S0196,葉雅慧,99,88,99,286,95.3
S0197,范柏翰,85,90,93,268,89.3
S0198,潘美玲,84,49,60,193,64.3
S0199,方欣怡,72,51,93,216,72.0
S0200,吳宇軒,46,47,65,158,52.7
S0201,張家豪,72,54,60,186,62.0
S0202,馬志遠,55,56,50,161,53.7
S0203,石雅晴,88,60,76,224,74.7
S0204,高宗緯,85,61,74,220,73.3
S0205,江淑萍,63,88,79,230,76.7
S0206,許聖凱,82,64,85,231,77.0
S0207,錢淑萍,99,64,57,220,73.3
S0208,紀淑華,60,69,81,210,70.0
S0209,戴雅琳,46,98,87,231,77.0
S0210,葉志遠,88,94,92,274,91.3
S0211,張佳穎,98,63,94,255,85.0
S0212,楊佩君,59,85,57,201,67.0
S0213,石俊明,85,51,85,221,73.7
S0214,陳哲瑋,47,82,68,197,65.7
S0215,蔡宗諺,65,92,71,228,76.0
S0216,謝育誠,68,78,77,223,74.3
S0217,游欣儀,97,75,96,268,89.3
S0218,方雅慧,96,52,74,222,74.0
S0219,李哲宇,88,91,88,267,89.0
S0220,葉淑媛,68,50,95,213,71.0
S0221,葉育誠,52,74,68,194,64.7
S0222,江雅玲,51,88,59,198,66.0
S0223,宋冠穎,65,84,59,208,69.3
S0224,李淑萍,89,64,86,239,79.7
S0225,卓俊賢,47,64,76,187,62.3
S0226,劉育誠,53,69,74,196,65.3
S0227,蘇雅涵,71,82,92,245,81.7
S0228,鄭淑華,98,76,84,258,86.0
S0229,卓佩瑩,47,89,68,204,68.0
S0230,邱冠宇,99,68,51,218,72.7
S0231,蘇佩君,48,70,62,180,60.0
S0232,洪淑萍,50,87,58,195,65.0
S0233,曾佳蓉,95,66,60,221,73.7
S0234,蔡淑玲,49,98,93,240,80.0
S0235,孫文凱,97,59,66,222,74.0
S0236,鄭怡蓁,45,62,99,206,68.7
S0237,鄭雅涵,61,96,56,213,71.0
S0238,劉淑芬,53,45,67,165,55.0
S0239,周淑芬,56,61,48,165,55.0
S0240,蔡欣彤,52,92,49,193,64.3
S0241,宋家豪,77,82,51,210,70.0
S0242,羅雅晴,47,91,95,233,77.7
S0243,馬建宏,48,75,99,222,74.0
S0244,葉建志,76,90,73,239,79.7
S0245,李美華,83,54,49,186,62.0
S0246,蔡承翰,80,90,65,235,78.3
S0247,紀欣彤,63,74,77,214,71.3
S0248,曾冠廷,99,86,86,271,90.3
S0249,孫淑玲,72,73,59,204,68.0
S0250,卓宗緯,70,71,91,232,77.3
S0251,吳柏翰,87,61,68,216,72.0
S0252,鄭品妍,49,50,98,197,65.7
S0253,黃建志,92,92,68,252,84.0
S0254,蔡佩蓉,80,80,66,226,75.3
S0255,劉俊宇,91,48,63,202,67.3
S0256,曾建志,81,77,58,216,72.0
S0257,鄭雅萍,99,51,67,217,72.3
S0258,孫彥宏,81,59,96,236,78.7
S0259,錢雅晴,84,88,86,258,86.0
S0260,孫彥宏,46,56,62,164,54.7
S0261,何佩君,45,56,54,155,51.7
S0262,趙雅琪,54,92,85,231,77.0
S0263,林仁豪,58,69,71,198,66.0
S0264,魏家豪,64,91,65,220,73.3
S0265,趙佳蓉,54,55,93,202,67.3
S0266,石志偉,62,73,87,222,74.0
S0267,錢哲瑋,71,62,58,191,63.7
S0268,鍾俊宇,52,63,88,203,67.7
S0269,高宇軒,47,59,70,176,58.7
S0270,曾文凱,64,58,94,216,72.0
S0271,蔡雅琳,65,52,45,162,54.0
S0272,潘美慧,53,69,79,201,67.0
S0273,楊佩君,49,70,92,211,70.3
S0274,陳宗緯,49,65,81,195,65.0
S0275,錢欣妤,63,52,70,185,61.7
S0276,林雅惠,96,84,74,254,84.7
S0277,蘇建志,60,72,82,214,71.3
S0278,葉怡萱,64,92,66,222,74.0
S0279,楊建國,49,77,85,211,70.3
S0280,劉雅文,94,67,67,228,76.0
S0281,鄭志龍,61,57,56,174,58.0
S0282,曾明哲,56,94,85,235,78.3
S0283,潘志遠,93,82,73,248,82.7
S0284,趙雅晴,65,85,65,215,71.7
S0285,鄭品睿,73,85,64,222,74.0
S0286,游佩君,77,49,64,190,63.3
S0287,魏宗翰,68,98,63,229,76.3
S0288,李欣怡,84,83,77,244,81.3
S0289,紀冠穎,95,92,47,234,78.0
S0290,羅美瑤,86,57,65,208,69.3
S0291,曾志龍,48,73,51,172,57.3
S0292,盧欣怡,77,86,56,219,73.0
S0293,陳哲瑋,73,78,78,229,76.3
S0294,石家豪,63,69,71,203,67.7
S0295,盧佳蓉,95,85,86,266,88.7
S0296,盧建志,80,88,69,237,79.0
S0297,方彥霖,54,66,50,170,56.7
S0298,高佩君,64,86,89,239,79.7
S0299,葉志偉,64,80,69,213,71.0
S0300,盧欣彤,50,86,87,223,74.3
S0301,錢淑芬,68,64,56,188,62.7
S0302,邱冠霖,57,59,53,169,56.3
S0303,鄭建志,77,94,79,250,83.3
S0304,馬昱廷,94,84,53,231,77.0
S0305,曾建國,56,98,89,243,81.0
S0306,石雅惠,91,73,47,211,70.3
S0307,卓冠宇,73,84,63,220,73.3
S0308,羅冠宇,64,96,95,255,85.0
S0309,宋雅文,68,88,81,237,79.0
S0310,羅宗諺,94,69,77,240,80.0
S0311,馬建國,97,57,96,250,83.3
S0312,曾彥廷,48,86,75,209,69.7
S0313,蘇淑華,90,99,78,267,89.0
S0314,劉建國,62,73,77,212,70.7
S0315,鄭欣怡,59,97,73,229,76.3
S0316,戴欣妤,48,70,77,195,65.0
S0317,蘇志偉,68,59,46,173,57.7
S0318,施雅慧,95,54,53,202,67.3
S0319,陳品睿,89,98,53,240,80.0
S0320,宋志豪,50,46,61,157,52.3
S0321,邱淑媛,91,83,78,252,84.0
S0322,錢宗諺,60,64,52,176,58.7
S0323,張博凱,74,49,52,175,58.3
S0324,潘淑芬,85,77,81,243,81.0
S0325,周雅琳,72,45,84,201,67.0
S0326,戴宏達,56,87,87,230,76.7
S0327,黃雅玲,49,78,79,206,68.7
S0328,鍾宜蓁,80,46,69,195,65.0
S0329,宋文翔,68,61,92,221,73.7
S0330,林明哲,67,60,91,218,72.7
S0331,吳雅慧,53,47,67,167,55.7
S0332,范志遠,98,94,88,280,93.3
S0333,魏品妍,85,56,96,237,79.0
S0334,蔡宗緯,47,63,57,167,55.7
S0335,陳美玲,65,64,77,206,68.7
S0336,葉雅涵,75,61,47,183,61.0
S0337,洪宗翰,86,66,62,214,71.3
S0338,劉佩宜,70,92,73,235,78.3
S0339,紀志遠,76,89,76,241,80.3
S0340,蘇欣彤,62,96,50,208,69.3
S0341,錢彥霖,97,56,79,232,77.3
S0342,方志偉,65,87,63,215,71.7
S0343,何俊宇,55,89,73,217,72.3
S0344,戴聖凱,84,72,62,218,72.7
S0345,張佳翰,68,77,96,241,80.3
S0346,許淑真,99,83,88,270,90.0
S0347,羅明哲,60,94,86,240,80.0
S0348,蘇志遠,47,83,54,184,61.3
S0349,羅雅玲,73,93,49,215,71.7
S0350,趙家豪,70,65,86,221,73.7
S0351,游冠廷,46,92,56,194,64.7
S0352,潘淑媛,52,61,94,207,69.0
S0353,江淑玲,84,63,89,236,78.7
S0354,潘俊明,99,49,73,221,73.7
S0355,謝雅筑,50,96,88,234,78.0
S0356,施雅琪,80,79,63,222,74.0
S0357,何美慧,95,68,77,240,80.0
S0358,楊俊傑,95,53,60,208,69.3
S0359,潘冠穎,81,68,74,223,74.3
S0360,孫志偉,49,64,70,183,61.0
S0361,宋欣妤,97,81,49,227,75.7
S0362,蔡雅琪,73,74,88,235,78.3
S0363,馬冠穎,85,82,56,223,74.3
S0364,蔡宗翰,98,52,78,228,76.0
S0365,鄭建國,65,90,59,214,71.3
S0366,戴欣彤,63,99,50,212,70.7
S0367,江冠穎,62,53,85,200,66.7
S0368,何欣怡,77,86,55,218,72.7
S0369,高淑真,55,87,84,226,75.3
S0370,曾志遠,47,97,46,190,63.3
S0371,黃志遠,61,86,58,205,68.3
S0372,趙建宏,76,85,79,240,80.0
S0373,方淑娟,75,60,96,231,77.0
S0374,葉明哲,89,48,55,192,64.0
S0375,羅宗緯,58,66,83,207,69.0
S0376,鄭柏翰,91,67,70,228,76.0
S0377,蔡宜蓁,80,51,65,196,65.3
S0378,周彥宏,73,60,54,187,62.3
S0379,吳文翔,84,71,60,215,71.7
S0380,許美瑤,91,65,57,213,71.0
S0381,許威廷,74,76,64,214,71.3
S0382,潘佳翰,77,74,60,211,70.3
S0383,邱佳蓉,48,63,76,187,62.3
S0384,曾品妍,63,79,45,187,62.3
S0385,吳彥廷,91,68,93,252,84.0
S0386,葉佳翰,48,81,80,209,69.7
S0387,洪宗諺,49,69,77,195,65.0
S0388,羅佩瑩,97,84,88,269,89.7
S0389,石建志,70,68,95,233,77.7
S0390,盧雅玲,93,54,57,204,68.0
S0391,曾宜蓁,47,47,47,141,47.0
S0392,蔡品妍,78,74,54,206,68.7
S0393,曾佩珊,65,84,65,214,71.3
S0394,許博凱,92,98,64,254,84.7
S0395,高威廷,79,76,90,245,81.7
S0396,趙建宏,68,66,88,222,74.0
S0397,劉佩蓉,64,95,91,250,83.3
S0398,林欣儀,86,95,94,275,91.7
S0399,高佳蓉,82,75,55,212,70.7
S0400,馬雅晴,94,98,69,261,87.0
S0401,鄭怡君,47,81,89,217,72.3
S0402,劉哲瑋,65,71,54,190,63.3
S0403,卓欣妤,77,94,84,255,85.0
S0404,宋佳蓉,90,53,78,221,73.7
S0405,邱品妍,78,69,65,212,70.7
S0406,謝育誠,66,79,67,212,70.7
S0407,江雅文,60,62,80,202,67.3
S0408,何宇軒,94,63,90,247,82.3
S0409,邱佳穎,65,75,67,207,69.0
S0410,孫佩瑩,63,52,81,196,65.3
S0411,范佳翰,97,67,94,258,86.0
S0412,鄭宗諺,90,50,67,207,69.0
S0413,羅品妍,58,57,97,212,70.7
S0414,范冠穎,89,62,53,204,68.0
S0415,吳佩蓉,60,60,48,168,56.0
S0416,馬哲宇,48,51,71,170,56.7
S0417,盧淑華,88,94,53,235,78.3
S0418,王雅惠,71,86,75,232,77.3
S0419,宋雅琳,65,63,86,214,71.3
S0420,張欣怡,86,81,59,226,75.3
S0421,范美玲,56,71,98,225,75.0
S0422,謝美玲,98,70,95,263,87.7
S0423,潘宗諺,47,45,64,156,52.0
S0424,趙雅慧,63,74,86,223,74.3
S0425,范佩珊,99,77,74,250,83.3
S0426,游冠廷,66,55,91,212,70.7
S0427,魏美慧,45,92,66,203,67.7
S0428,方雅文,56,84,99,239,79.7
S0429,葉宜蓁,65,50,70,185,61.7
S0430,吳俊明,75,65,60,200,66.7
S0431,王冠宇,73,93,62,228,76.0
S0432,盧志遠,45,61,86,192,64.0
S0433,蘇佳蓉,87,52,74,213,71.0
S0434,何威廷,90,94,64,248,82.7
S0435,劉雅琳,68,84,59,211,70.3
S0436,楊品妍,54,74,92,220,73.3
S0437,曾冠穎,75,93,79,247,82.3
S0438,邱怡蓁,95,50,78,223,74.3
S0439,羅雅玲,49,81,52,182,60.7
S0440,張宜蓁,57,81,79,217,72.3
S0441,鄭仁豪,73,52,88,213,71.0
S0442,邱佳穎,50,77,73,200,66.7
S0443,張威廷,71,74,81,226,75.3
S0444,張淑娟,91,46,70,207,69.0
S0445,江淑玲,82,49,47,178,59.3
S0446,錢明哲,79,48,49,176,58.7
S0447,宋宏達,56,94,53,203,67.7
S0448,卓文翔,73,69,69,211,70.3
S0449,黃雅涵,53,86,67,206,68.7
S0450,劉育誠,70,78,53,201,67.0
S0451,楊淑芬,64,74,88,226,75.3
S0452,范文翔,97,59,60,216,72.0
S0453,魏彥宏,57,91,93,241,80.3
S0454,劉宏達,84,94,46,224,74.7
S0455,周建志,83,47,73,203,67.7
S0456,曾佳蓉,60,92,47,199,66.3
S0457,葉育誠,58,93,94,245,81.7
S0458,張宗諺,59,97,91,247,82.3
S0459,趙彥霖,94,88,97,279,93.0
S0460,施志龍,87,78,59,224,74.7
S0461,卓宗翰,80,82,92,254,84.7
S0462,謝佩宜,80,76,48,204,68.0
S0463,戴淑惠,95,78,65,238,79.3
S0464,卓宇軒,69,56,93,218,72.7
S0465,范哲宇,64,99,90,253,84.3
S0466,鄭佳蓉,80,71,71,222,74.0
S0467,孫淑惠,60,61,58,179,59.7
S0468,盧雅筑,99,68,50,217,72.3
S0469,范雅文,48,62,69,179,59.7
S0470,曾雅琪,57,96,93,246,82.0
S0471,高淑媛,58,75,58,191,63.7
S0472,盧志豪,58,57,92,207,69.0
S0473,劉品妍,60,89,83,232,77.3
S0474,邱冠宇,80,65,94,239,79.7
S0475,方育誠,86,67,64,217,72.3
S0476,江冠霖,74,51,96,221,73.7
S0477,宋美華,58,68,65,191,63.7
S0478,卓哲宇,92,54,46,192,64.0
S0479,江佩蓉,82,91,71,244,81.3
S0480,方昱廷,59,69,81,209,69.7
S0481,周昱廷,61,93,97,251,83.7
S0482,潘佳穎,74,55,91,220,73.3
S0483,戴育誠,76,56,79,211,70.3
S0484,張雅琪,97,87,48,232,77.3
S0485,王哲宇,49,90,54,193,64.3
S0486,王宗緯,68,48,84,200,66.7
S0487,石佳穎,46,45,79,170,56.7
S0488,孫建宏,78,91,62,231,77.0
S0489,范淑芬,77,97,89,263,87.7
S0490,錢美慧,51,51,78,180,60.0
S0491,鄭博凱,78,61,97,236,78.7
S0492,戴佳翰,50,68,70,188,62.7
S0493,魏雅萍,64,88,97,249,83.0
S0494,黃美玲,50,70,69,189,63.0
S0495,紀佳蓉,85,45,89,219,73.0
S0496,許俊宇,86,95,66,247,82.3
S0497,趙淑華,78,47,59,184,61.3
S0498,邱美瑤,75,62,47,184,61.3
S0499,李佩瑩,79,81,87,247,82.3
S0500,陳柏翰,46,58,82,186,62.0
S0501,鄭怡萱,49,64,55,168,56.0
S0502,趙文翔,88,79,66,233,77.7
S0503,紀佩珊,95,89,91,275,91.7
S0504,黃佩君,48,51,72,171,57.0
S0505,楊雅慧,83,94,84,261,87.0
S0506,曾柏翰,46,85,62,193,64.3
S0507,羅聖凱,80,69,72,221,73.7
S0508,謝淑惠,50,94,84,228,76.0
S0509,方雅琪,50,62,54,166,55.3
S0510,紀淑真,92,69,65,226,75.3
S0511,蘇志豪,64,73,68,205,68.3
S0512,游志偉,56,72,73,201,67.0
S0513,孫欣妤,51,46,50,147,49.0
S0514,戴怡蓁,83,95,65,243,81.0
S0515,紀宏達,69,94,50,213,71.0
S0516,孫怡君,81,78,55,214,71.3
S0517,紀彥宏,64,62,76,202,67.3
S0518,鄭俊宇,62,71,64,197,65.7
S0519,宋雅玲,61,60,91,212,70.7
S0520,潘雅文,74,51,53,178,59.3
S0521,何佳翰,66,98,84,248,82.7
S0522,紀雅慧,73,66,72,211,70.3
S0523,曾柏翰,83,89,57,229,76.3
S0524,宋佳翰,65,63,92,220,73.3
S0525,潘怡君,65,69,62,196,65.3
S0526,葉志遠,57,82,79,218,72.7
S0527,謝淑媛,46,91,74,211,70.3
S0528,邱宗諺,98,89,49,236,78.7
S0529,卓佩珊,85,64,60,209,69.7
S0530,江佩宜,95,69,49,213,71.0
S0531,羅品妍,82,70,79,231,77.0
S0532,鍾欣妤,79,47,95,221,73.7
S0533,蘇雅涵,83,85,50,218,72.7
S0534,吳佩君,55,86,84,225,75.0
S0535,陳怡萱,93,66,95,254,84.7
S0536,錢建志,61,59,77,197,65.7
S0537,馬美瑤,59,73,68,200,66.7
S0538,葉承翰,89,77,54,220,73.3
S0539,戴品妍,51,63,71,185,61.7
S0540,黃志龍,67,64,66,197,65.7
S0541,魏欣彤,75,67,75,217,72.3
S0542,吳哲瑋,65,49,64,178,59.3
S0543,陳雅雯,46,99,66,211,70.3
S0544,吳雅惠,92,60,78,230,76.7
S0545,謝雅慧,80,72,74,226,75.3
S0546,楊美慧,56,85,87,228,76.0
S0547,錢博凱,57,73,82,212,70.7
S0548,錢文凱,58,62,93,213,71.0
S0549,李雅涵,56,68,65,189,63.0
S0550,洪彥廷,87,76,78,241,80.3
S0551,施雅晴,70,82,52,204,68.0
S0552,戴宗緯,84,56,97,237,79.0
S0553,何佩蓉,50,88,53,191,63.7
S0554,施宇軒,52,56,68,176,58.7
S0555,鄭欣妤,83,53,81,217,72.3
S0556,紀冠霖,85,79,89,253,84.3
S0557,謝佳穎,63,53,56,172,57.3
S0558,施雅晴,48,67,45,160,53.3
S0559,潘文翔,80,77,86,243,81.0
S0560,潘冠霖,71,90,98,259,86.3
S0561,羅志偉,81,46,95,222,74.0
S0562,楊彥宏,59,79,63,201,67.0
S0563,許美瑤,92,94,94,280,93.3
S0564,潘雅雯,81,52,62,195,65.0
S0565,范雅玲,79,97,93,269,89.7
S0566,陳雅筑,79,58,72,209,69.7
S0567,吳怡君,64,47,73,184,61.3
S0568,江志偉,73,52,94,219,73.0
S0569,周承翰,89,67,90,246,82.0
S0570,石雅惠,84,53,95,232,77.3
S0571,邱佳蓉,81,67,79,227,75.7
S0572,游雅惠,65,90,63,218,72.7
S0573,方宜蓁,88,97,51,236,78.7
S0574,蔡欣妤,48,62,86,196,65.3
S0575,蔡佩珊,60,54,90,204,68.0
S0576,施怡萱,76,54,81,211,70.3
S0577,游淑惠,73,49,85,207,69.0
S0578,黃彥宏,89,68,74,231,77.0
S0579,潘志豪,94,99,91,284,94.7
S0580,黃淑萍,85,87,89,261,87.0
S0581,戴雅涵,70,58,72,200,66.7
S0582,邱柏翰,98,63,66,227,75.7
S0583,孫美瑤,99,76,95,270,90.0
S0584,盧佳蓉,47,51,85,183,61.0
S0585,魏建國,73,74,45,192,64.0
S0586,錢俊明,86,64,55,205,68.3
S0587,游家豪,61,50,68,179,59.7
S0588,許宇軒,91,89,93,273,91.0
S0589,楊志偉,90,51,45,186,62.0
S0590,邱俊明,82,59,78,219,73.0
S0591,羅昱廷,97,52,72,221,73.7
S0592,蔡哲宇,69,50,91,210,70.0
S0593,吳家豪,64,53,69,186,62.0
S0594,蔡淑真,49,78,81,208,69.3
S0595,王雅惠,73,67,91,231,77.0
S0596,邱淑真,71,84,88,243,81.0
S0597,羅欣怡,51,53,93,197,65.7
S0598,劉淑惠,67,72,65,204,68.0
S0599,蔡志偉,60,80,83,223,74.3
S0600,曾雅琳,94,89,46,229,76.3
S0601,何彥霖,77,57,92,226,75.3
S0602,葉宗翰,95,95,60,250,83.3
S0603,潘冠宇,76,85,83,244,81.3
S0604,李雅婷,68,65,53,186,62.0
S0605,紀美瑤,71,68,79,218,72.7
S0606,謝雅琪,46,82,49,177,59.0
S0607,王俊賢,48,95,70,213,71.0
S0608,鍾威廷,94,71,72,237,79.0
S0609,葉育誠,79,84,54,217,72.3
S0610,游志偉,77,58,96,231,77.0
S0611,鄭怡萱,82,85,93,260,86.7
S0612,李俊宇,91,99,60,250,83.3
S0613,張俊宇,52,74,84,210,70.0
S0614,曾志遠,52,45,90,187,62.3
S0615,蔡雅惠,76,67,78,221,73.7
S0616,馬欣儀,55,68,53,176,58.7
S0617,游雅雯,94,46,66,206,68.7
S0618,錢明哲,61,90,81,232,77.3
S0619,李威廷,68,48,76,192,64.0
S0620,趙建國,61,94,51,206,68.7
S0621,趙雅雯,59,92,77,228,76.0
S0622,王志豪,60,47,75,182,60.7
S0623,蘇志龍,56,99,47,202,67.3
S0624,孫欣妤,59,65,60,184,61.3
S0625,卓美華,62,97,49,208,69.3
S0626,趙威廷,88,48,56,192,64.0
S0627,楊美玲,70,49,74,193,64.3
S0628,方淑娟,65,50,80,195,65.0
S0629,魏俊傑,63,81,95,239,79.7
S0630,何怡君,74,68,82,224,74.7
S0631,潘雅文,91,79,93,263,87.7
S0632,周宏達,46,59,79,184,61.3
S0633,戴雅婷,66,45,93,204,68.0
S0634,紀淑娟,51,58,78,187,62.3
S0635,周宗翰,54,90,62,206,68.7
S0636,黃哲宇,99,78,71,248,82.7
S0637,蘇志偉,82,51,77,210,70.0
S0638,蔡怡萱,49,82,81,212,70.7
S0639,張俊明,60,63,61,184,61.3
S0640,施怡萱,89,98,92,279,93.0
S0641,施彥宏,59,49,57,165,55.0
S0642,蔡佩蓉,51,54,51,156,52.0
S0643,許柏翰,71,52,79,202,67.3
S0644,戴淑玲,73,64,74,211,70.3
S0645,江欣怡,55,96,88,239,79.7
S0646,何怡蓁,47,58,98,203,67.7
S0647,施冠宇,67,70,77,214,71.3
S0648,張欣儀,97,56,46,199,66.3
S0649,葉淑媛,92,80,60,232,77.3
S0650,吳俊明,52,45,48,145,48.3
S0651,楊佳翰,68,88,85,241,80.3
S0652,黃欣儀,97,49,46,192,64.0
S0653,李哲瑋,96,53,50,199,66.3
S0654,盧宗緯,48,55,81,184,61.3
S0655,錢怡萱,76,46,69,191,63.7
S0656,錢文凱,56,62,62,180,60.0
S0657,羅美玲,84,84,84,252,84.0
S0658,周佳穎,71,80,75,226,75.3
S0659,張文翔,53,71,57,181,60.3
S0660,馬育誠,95,46,69,210,70.0
S0661,戴冠霖,67,81,77,225,75.0
S0662,施志遠,46,65,83,194,64.7
S0663,楊彥宏,48,96,75,219,73.0
S0664,馬承翰,59,55,51,165,55.0
S0665,周佩瑩,79,97,95,271,90.3
S0666,張雅萍,81,99,96,276,92.0
S0667,紀志遠,56,60,82,198,66.0
S0668,施佩君,82,46,90,218,72.7
S0669,戴美瑤,54,81,57,192,64.0
S0670,潘美慧,76,47,50,173,57.7
S0671,張哲宇,46,78,75,199,66.3
S0672,王博凱,57,96,53,206,68.7
S0673,盧美華,48,46,54,148,49.3
S0674,高淑真,94,52,99,245,81.7
S0675,馬雅琪,68,90,87,245,81.7
S0676,葉雅慧,64,65,53,182,60.7
S0677,許佩宜,95,85,76,256,85.3
S0678,施冠穎,89,84,95,268,89.3
S0679,戴承翰,97,56,69,222,74.0
S0680,何雅琳,53,56,91,200,66.7
S0681,王美瑤,70,99,94,263,87.7
S0682,趙彥霖,65,96,84,245,81.7
S0683,楊淑華,76,54,66,196,65.3
S0684,李柏翰,55,85,50,190,63.3
S0685,盧彥廷,58,60,89,207,69.0
S0686,李建志,91,45,48,184,61.3
S0687,紀宏達,55,71,76,202,67.3
S0688,紀文翔,51,98,75,224,74.7
S0689,趙雅萍,55,73,49,177,59.0
S0690,陳柏翰,61,51,49,161,53.7
S0691,盧文翔,55,91,49,195,65.0
S0692,孫欣怡,66,83,84,233,77.7
S0693,宋佩宜,86,55,83,224,74.7
S0694,錢建志,66,58,57,181,60.3
S0695,卓雅涵,61,87,63,211,70.3
S0696,何宗翰,70,81,80,231,77.0
S0697,潘家豪,45,72,50,167,55.7
S0698,方怡蓁,75,57,51,183,61.0
S0699,林宗諺,50,75,99,224,74.7
S0700,劉佳翰,75,76,87,238,79.3
S0701,江育誠,69,56,68,193,64.3
S0702,紀哲瑋,47,61,73,181,60.3
S0703,魏彥宏,81,48,54,183,61.0
S0704,吳聖凱,96,79,71,246,82.0
S0705,高宗翰,98,69,97,264,88.0
S0706,馬育誠,88,75,81,244,81.3
S0707,周志偉,70,99,90,259,86.3
S0708,陳欣彤,96,81,88,265,88.3
S0709,石哲瑋,56,55,58,169,56.3
S0710,洪俊宇,50,88,72,210,70.0
S0711,洪淑真,98,83,61,242,80.7
S0712,施雅琪,50,69,80,199,66.3
S0713,葉佩瑩,78,74,45,197,65.7
S0714,石欣妤,52,71,54,177,59.0
S0715,鄭佩蓉,93,51,51,195,65.0
S0716,趙雅琳,79,67,71,217,72.3
S0717,江冠霖,81,83,75,239,79.7
S0718,陳佳翰,54,84,83,221,73.7
S0719,葉昱廷,89,60,48,197,65.7
S0720,宋雅玲,46,66,97,209,69.7
S0721,何冠霖,99,89,88,276,92.0
S0722,吳雅萍,53,64,92,209,69.7
S0723,羅美華,62,91,71,224,74.7
S0724,曾雅文,73,58,97,228,76.0
S0725,卓欣彤,68,97,48,213,71.0
S0726,鍾雅琪,64,90,77,231,77.0
S0727,葉仁豪,81,46,56,183,61.0
S0728,洪雅文,98,48,60,206,68.7
S0729,陳家豪,90,57,62,209,69.7
S0730,蘇宜蓁,70,85,52,207,69.0
S0731,林冠霖,83,73,56,212,70.7
S0732,宋佩君,67,55,98,220,73.3
S0733,江欣怡,63,46,69,178,59.3
S0734,張志遠,94,58,99,251,83.7
S0735,楊淑玲,62,86,71,219,73.0
S0736,鍾志豪,75,53,86,214,71.3
S0737,謝雅婷,59,61,83,203,67.7
S0738,何佩瑩,72,69,99,240,80.0
S0739,戴文凱,74,64,88,226,75.3
S0740,馬怡萱,82,51,45,178,59.3
S0741,鍾雅玲,80,86,83,249,83.0
S0742,曾建志,75,49,66,190,63.3
S0743,游佩瑩,61,86,90,237,79.0
S0744,何仁豪,93,60,48,201,67.0
S0745,曾柏翰,88,53,91,232,77.3
S0746,林雅琳,61,71,70,202,67.3
S0747,紀佩蓉,90,81,97,268,89.3
S0748,洪哲宇,88,79,85,252,84.0
S0749,宋佩君,77,64,99,240,80.0
S0750,許淑媛,56,63,51,170,56.7
S0751,宋彥廷,91,96,80,267,89.0
S0752,謝雅慧,86,50,59,195,65.0
S0753,戴宇軒,71,95,66,232,77.3
S0754,蘇宗諺,74,99,52,225,75.0
S0755,宋承翰,82,84,49,215,71.7
S0756,宋宜蓁,52,88,69,209,69.7
S0757,馬宗翰,99,54,53,206,68.7
S0758,洪志遠,74,54,65,193,64.3
S0759,謝佳穎,66,85,56,207,69.0
S0760,施雅婷,73,62,58,193,64.3
S0761,許雅惠,76,95,93,264,88.0
S0762,黃俊宇,85,72,70,227,75.7
S0763,錢淑惠,45,47,79,171,57.0
S0764,洪雅婷,65,93,98,256,85.3
S0765,馬志豪,85,91,60,236,78.7
S0766,楊佩君,64,53,51,168,56.0
S0767,紀淑娟,55,49,97,201,67.0
S0768,陳宗諺,74,91,78,243,81.0
S0769,曾佩宜,88,53,66,207,69.0
S0770,潘俊傑,55,96,70,221,73.7
S0771,林俊明,58,91,46,195,65.0
S0772,高雅雯,68,90,86,244,81.3
S0773,陳彥廷,94,79,84,257,85.7
S0774,張佳蓉,87,51,86,224,74.7
S0775,林冠廷,71,73,69,213,71.0
S0776,劉品妍,89,54,58,201,67.0
S0777,王建志,87,78,62,227,75.7
S0778,石佩珊,71,98,51,220,73.3
S0779,鍾雅雯,63,52,95,210,70.0
S0780,吳彥霖,57,94,61,212,70.7
S0781,馬佩君,90,71,63,224,74.7
S0782,許冠霖,58,89,75,222,74.0
S0783,盧志豪,87,50,52,189,63.0
S0784,趙淑真,50,94,77,221,73.7
S0785,李淑華,61,86,59,206,68.7
S0786,魏雅琳,61,74,48,183,61.0
S0787,吳美玲,99,63,68,230,76.7
S0788,施冠廷,51,99,93,243,81.0
S0789,陳俊明,87,86,55,228,76.0
S0790,盧哲瑋,84,62,91,237,79.0
S0791,黃昱廷,56,52,70,178,59.3
S0792,葉佩瑩,98,69,89,256,85.3
S0793,宋雅惠,52,53,89,194,64.7
S0794,張雅惠,51,71,82,204,68.0
S0795,宋雅筑,56,84,69,209,69.7
S0796,戴佩珊,75,76,52,203,67.7
S0797,卓明哲,61,86,65,212,70.7
S0798,王欣彤,94,92,81,267,89.0
S0799,趙昱廷,78,78,89,245,81.7
S0800,石冠宇,75,67,87,229,76.3
S0801,紀冠穎,84,48,45,177,59.0
S0802,許品妍,99,76,55,230,76.7
S0803,李美華,60,66,62,188,62.7
S0804,張淑媛,86,69,70,225,75.0
S0805,周哲瑋,96,81,73,250,83.3
S0806,黃雅筑,65,52,76,193,64.3
S0807,林宏達,47,80,80,207,69.0
S0808,王怡蓁,84,85,64,233,77.7
S0809,鍾淑萍,66,68,97,231,77.0
S0810,張淑萍,66,80,94,240,80.0
S0811,石雅玲,90,73,52,215,71.7
S0812,吳雅萍,45,66,67,178,59.3
S0813,方雅玲,89,51,47,187,62.3
S0814,許宏達,51,61,84,196,65.3
S0815,洪佳翰,58,74,97,229,76.3
S0816,洪淑華,93,71,47,211,70.3
S0817,高哲瑋,74,87,82,243,81.0
S0818,鍾冠霖,45,78,92,215,71.7
S0819,張佩宜,98,82,75,255,85.0
S0820,鍾美慧,89,82,56,227,75.7
S0821,蔡彥霖,83,65,77,225,75.0
S0822,紀彥霖,89,93,60,242,80.7
S0823,游昱廷,63,73,96,232,77.3
S0824,蔡彥霖,89,92,77,258,86.0
S0825,何淑媛,65,90,92,247,82.3
S0826,孫雅文,58,84,90,232,77.3
S0827,方佩珊,90,86,56,232,77.3
S0828,鍾美華,90,52,93,235,78.3
S0829,戴佩蓉,81,87,90,258,86.0
S0830,卓雅涵,63,99,72,234,78.0
S0831,王淑芬,69,54,48,171,57.0
S0832,張建國,63,88,61,212,70.7
S0833,鄭雅琳,58,93,79,230,76.7
S0834,陳哲瑋,51,84,88,223,74.3
S0835,孫淑媛,69,60,77,206,68.7
S0836,方佳蓉,69,69,71,209,69.7
S0837,施佳蓉,45,92,61,198,66.0
S0838,洪雅筑,98,59,85,242,80.7
S0839,蘇雅涵,92,83,57,232,77.3
S0840,洪志遠,88,49,56,193,64.3
S0841,謝雅雯,69,47,72,188,62.7
S0842,游佩珊,55,82,99,236,78.7
S0843,江宗緯,90,54,47,191,63.7
S0844,鄭怡蓁,48,94,85,227,75.7
S0845,石淑娟,76,95,81,252,84.0
S0846,孫柏翰,78,59,56,193,64.3
S0847,馬威廷,55,71,79,205,68.3
S0848,范聖凱,59,58,87,204,68.0
S0849,盧宗諺,58,93,84,235,78.3
S0850,馬冠穎,97,93,86,276,92.0
S0851,王聖凱,73,60,86,219,73.0
S0852,石怡君,47,88,65,200,66.7
S0853,紀雅雯,69,61,79,209,69.7
S0854,方仁豪,97,94,68,259,86.3
S0855,鍾雅筑,76,47,63,186,62.0
S0856,洪志偉,51,55,94,200,66.7
S0857,范雅琪,58,87,85,230,76.7
S0858,邱佩宜,98,51,58,207,69.0
S0859,范佩宜,86,97,49,232,77.3
S0860,鄭昱廷,47,50,49,146,48.7
S0861,張彥廷,80,49,81,210,70.0
S0862,楊欣妤,69,73,85,227,75.7
S0863,葉建宏,69,88,52,209,69.7
S0864,范博凱,49,93,92,234,78.0
S0865,高明哲,67,77,51,195,65.0
S0866,方淑娟,83,50,63,196,65.3
S0867,羅建宏,75,55,79,209,69.7
S0868,楊佳翰,95,96,99,290,96.7
S0869,范志龍,64,88,95,247,82.3
S0870,蘇雅婷,80,80,54,214,71.3
S0871,劉志遠,83,70,79,232,77.3
S0872,孫淑娟,58,92,92,242,80.7
S0873,戴威廷,54,55,56,165,55.0
S0874,楊欣儀,57,52,56,165,55.0
S0875,趙淑媛,74,86,80,240,80.0
S0876,李明哲,61,51,57,169,56.3
S0877,高昱廷,67,53,87,207,69.0
S0878,周博凱,49,57,65,171,57.0
S0879,潘博凱,87,64,89,240,80.0
S0880,高志遠,68,96,65,229,76.3
S0881,錢柏翰,60,95,59,214,71.3
S0882,錢家豪,53,88,91,232,77.3
S0883,盧淑萍,73,67,94,234,78.0
S0884,何建志,56,86,83,225,75.0
S0885,黃佩珊,79,57,61,197,65.7
S0886,李淑芬,99,77,85,261,87.0
S0887,林佩蓉,70,94,82,246,82.0
S0888,邱淑媛,61,79,79,219,73.0
S0889,宋淑真,68,70,59,197,65.7
S0890,高雅琳,53,74,77,204,68.0
S0891,鍾家豪,77,45,87,209,69.7
S0892,周雅晴,88,55,93,236,78.7
S0893,鍾建國,56,81,81,218,72.7
S0894,鄭品妍,67,47,59,173,57.7
S0895,潘彥廷,68,59,47,174,58.0
S0896,邱雅玲,69,75,74,218,72.7
S0897,陳柏翰,51,90,78,219,73.0
S0898,游欣儀,82,79,81,242,80.7
S0899,謝文翔,68,82,86,236,78.7
S0900,李淑惠,59,78,70,207,69.0
S0901,戴佩君,76,95,75,246,82.0
S0902,曾俊明,73,55,59,187,62.3
S0903,李佩瑩,58,54,56,168,56.0
S0904,許冠廷,87,59,71,217,72.3
S0905,盧品妍,88,75,75,238,79.3
S0906,邱欣妤,46,60,47,153,51.0
S0907,蔡雅惠,53,85,77,215,71.7
S0908,陳淑真,48,55,61,164,54.7
S0909,謝怡萱,83,81,85,249,83.0
S0910,林雅琳,50,58,73,181,60.3
S0911,曾品妍,55,59,98,212,70.7
S0912,卓佩蓉,97,94,56,247,82.3
S0913,石欣儀,55,91,88,234,78.0
S0914,盧怡蓁,82,49,59,190,63.3
S0915,紀建志,46,57,78,181,60.3
S0916,鍾淑真,83,51,56,190,63.3
S0917,宋怡蓁,47,95,79,221,73.7
S0918,鍾欣怡,75,87,53,215,71.7
S0919,曾雅婷,94,88,86,268,89.3
S0920,錢雅玲,47,89,78,214,71.3
S0921,錢品睿,95,94,69,258,86.0
S0922,戴美瑤,51,72,53,176,58.7
S0923,江哲宇,99,50,63,212,70.7
S0924,曾欣妤,61,57,45,163,54.3
S0925,王雅雯,78,45,69,192,64.0
S0926,邱美華,71,68,51,190,63.3
S0927,鄭承翰,61,61,99,221,73.7
S0928,范家豪,84,62,88,234,78.0
S0929,葉欣妤,80,95,80,255,85.0
S0930,宋冠穎,80,75,61,216,72.0
S0931,何怡萱,92,53,99,244,81.3
S0932,劉雅筑,95,89,55,239,79.7
S0933,吳佳翰,95,66,96,257,85.7
S0934,孫佳蓉,55,69,85,209,69.7
S0935,王淑真,75,83,72,230,76.7
S0936,黃哲宇,68,50,83,201,67.0
S0937,陳怡萱,84,86,78,248,82.7
S0938,方怡蓁,48,94,97,239,79.7
S0939,謝雅筑,45,57,99,201,67.0
S0940,馬俊賢,95,83,77,255,85.0
S0941,馬雅晴,55,88,47,190,63.3
S0942,蘇志豪,55,50,62,167,55.7
S0943,葉佳翰,70,82,57,209,69.7
S0944,馬明哲,50,80,63,193,64.3
S0945,孫佩君,67,97,62,226,75.3
S0946,楊雅文,74,70,81,225,75.0
S0947,王宏達,77,51,80,208,69.3
S0948,李雅慧,52,96,77,225,75.0
S0949,江美瑤,61,89,73,223,74.3
S0950,紀怡君,93,66,94,253,84.3
S0951,魏佩蓉,46,75,52,173,57.7
S0952,江哲宇,88,89,59,236,78.7
S0953,施聖凱,78,79,45,202,67.3
S0954,江志偉,70,88,92,250,83.3
S0955,盧志遠,75,65,67,207,69.0
S0956,邱佩瑩,56,92,88,236,78.7
S0957,洪俊傑,60,92,60,212,70.7
S0958,江俊傑,98,60,98,256,85.3
S0959,石建志,52,50,88,190,63.3
S0960,潘雅涵,47,99,75,221,73.7
S0961,蘇佳穎,81,62,76,219,73.0
S0962,謝宜蓁,62,70,59,191,63.7
S0963,趙仁豪,96,72,75,243,81.0
S0964,范聖凱,70,88,94,252,84.0
S0965,謝冠廷,89,78,74,241,80.3
S0966,施雅婷,88,58,69,215,71.7
S0967,高家豪,84,61,56,201,67.0
S0968,孫彥宏,75,84,66,225,75.0
S0969,蘇俊宇,58,71,89,218,72.7
S0970,蘇佳翰,62,73,56,191,63.7
S0971,趙志遠,88,59,97,244,81.3
S0972,吳怡君,80,72,99,251,83.7
S0973,紀志龍,75,96,45,216,72.0
S0974,謝俊明,99,85,78,262,87.3
S0975,范佳穎,64,61,80,205,68.3
S0976,趙建志,89,55,48,192,64.0
S0977,邱品妍,98,85,51,234,78.0
S0978,羅欣儀,68,68,80,216,72.0
S0979,孫欣儀,67,46,71,184,61.3
S0980,劉彥霖,57,81,81,219,73.0
S0981,范宗諺,67,65,88,220,73.3
S0982,鍾哲瑋,50,69,84,203,67.7
S0983,方志龍,55,85,96,236,78.7
S0984,盧博凱,81,70,99,250,83.3
S0985,李昱廷,59,65,65,189,63.0
S0986,方怡蓁,86,70,62,218,72.7
S0987,羅雅玲,92,82,78,252,84.0
S0988,羅志遠,99,46,53,198,66.0
S0989,周欣怡,58,55,70,183,61.0
S0990,吳品睿,80,48,46,174,58.0
S0991,葉欣怡,51,61,84,196,65.3
S0992,鄭文翔,64,59,60,183,61.0
S0993,方俊明,53,78,98,229,76.3
S0994,許聖凱,65,75,74,214,71.3
S0995,范淑媛,73,53,89,215,71.7
S0996,范彥霖,74,85,92,251,83.7
S0997,趙育誠,64,67,75,206,68.7
S0998,范志偉,73,64,68,205,68.3
S0999,卓宇軒,45,45,78,168,56.0
S1000,蔡品睿,79,45,89,213,71.0
S1001,潘品妍,64,45,94,203,67.7
S1002,錢怡蓁,59,95,45,199,66.3
S1003,孫宏達,80,72,70,222,74.0
S1004,周文翔,98,69,59,226,75.3
S1005,江冠宇,78,93,96,267,89.0
S1006,石佩瑩,63,86,92,241,80.3
S1007,范欣妤,57,99,49,205,68.3
S1008,謝冠廷,85,74,84,243,81.0
S1009,羅博凱,76,57,65,198,66.0
S1010,林育誠,46,56,51,153,51.0
S1011,方哲瑋,91,45,59,195,65.0
S1012,黃冠霖,58,66,71,195,65.0
S1013,何佳穎,68,74,89,231,77.0
S1014,陳志龍,48,62,94,204,68.0
S1015,葉品睿,56,57,98,211,70.3
S1016,江雅婷,52,94,90,236,78.7
S1017,周哲瑋,60,92,47,199,66.3
S1018,洪建志,78,87,58,223,74.3
S1019,宋宇軒,65,55,85,205,68.3
S1020,陳淑媛,78,52,61,191,63.7
S1021,宋雅文,68,48,87,203,67.7
S1022,邱怡君,85,72,65,222,74.0
S1023,王彥宏,82,52,70,204,68.0
S1024,周俊賢,82,95,89,266,88.7
S1025,宋淑真,68,94,50,212,70.7
S1026,周志偉,88,84,66,238,79.3
S1027,張志龍,89,79,95,263,87.7
S1028,吳哲宇,65,80,95,240,80.0
S1029,戴雅筑,91,57,46,194,64.7
S1030,紀俊明,61,47,76,184,61.3
S1031,羅雅涵,89,76,57,222,74.0
S1032,趙聖凱,65,91,74,230,76.7
S1033,游怡蓁,80,55,49,184,61.3
S1034,馬宗諺,97,61,79,237,79.0
S1035,蘇威廷,69,91,56,216,72.0
S1036,林雅玲,94,84,60,238,79.3
S1037,施雅涵,97,69,57,223,74.3
S1038,馬淑媛,54,84,63,201,67.0
S1039,施柏翰,52,51,78,181,60.3
S1040,李俊明,56,47,57,160,53.3
S1041,吳建志,47,81,86,214,71.3
S1042,紀欣彤,84,89,82,255,85.0
S1043,江哲宇,83,90,49,222,74.0
S1044,王淑玲,86,76,98,260,86.7
S1045,黃宗翰,68,80,92,240,80.0
S1046,卓佳蓉,97,84,62,243,81.0
S1047,馬明哲,98,64,49,211,70.3
S1048,邱淑華,51,91,59,201,67.0
S1049,范俊傑,78,87,60,225,75.0
S1050,趙美慧,80,92,80,252,84.0
S1051,卓美瑤,67,88,74,229,76.3
S1052,錢雅惠,95,56,80,231,77.0
S1053,葉雅惠,79,83,73,235,78.3
S1054,戴淑媛,65,99,68,232,77.3
S1055,卓佩宜,97,91,65,253,84.3
S1056,曾育誠,58,69,94,221,73.7
S1057,孫欣儀,68,73,73,214,71.3
S1058,葉俊賢,63,83,46,192,64.0
S1059,馬宇軒,45,64,59,168,56.0
S1060,邱淑芬,94,97,89,280,93.3
S1061,游宜蓁,80,81,81,242,80.7
S1062,鄭宗緯,67,54,53,174,58.0
S1063,江承翰,60,59,61,180,60.0
S1064,何佳翰,81,58,91,230,76.7
S1065,李品妍,56,76,97,229,76.3
S1066,趙淑華,83,86,64,233,77.7
S1067,陳美瑤,69,50,94,213,71.0
S1068,張雅慧,67,97,72,236,78.7
S1069,卓雅雯,94,59,92,245,81.7
S1070,曾淑惠,48,64,78,190,63.3
S1071,陳志遠,54,65,77,196,65.3
S1072,楊佳翰,73,93,83,249,83.0
S1073,趙雅萍,72,63,95,230,76.7
S1074,葉昱廷,50,75,81,206,68.7
S1075,張欣儀,50,70,77,197,65.7
S1076,錢佩珊,93,53,75,221,73.7
S1077,孫佳翰,86,81,57,224,74.7
S1078,孫欣彤,60,60,49,169,56.3
S1079,游美華,88,81,50,219,73.0
S1080,劉佩宜,68,67,57,192,64.0
S1081,施建宏,94,64,55,213,71.0
S1082,戴雅筑,84,54,73,211,70.3
S1083,陳雅萍,57,88,68,213,71.0
S1084,鄭欣怡,52,92,48,192,64.0
S1085,周淑真,98,97,63,258,86.0
S1086,王冠廷,64,73,75,212,70.7
S1087,林育誠,58,58,79,195,65.0
S1088,馬淑媛,75,84,91,250,83.3
S1089,鄭淑芬,69,82,87,238,79.3
S1090,馬建國,48,63,57,168,56.0
S1091,石宗緯,86,45,49,180,60.0
S1092,紀雅玲,51,46,63,160,53.3
S1093,紀文翔,77,90,51,218,72.7
S1094,施彥霖,79,50,56,185,61.7
S1095,洪淑萍,80,90,46,216,72.0
S1096,陳仁豪,64,66,76,206,68.7
S1097,葉淑芬,67,88,67,222,74.0
S1098,戴怡君,77,62,96,235,78.3
S1099,張淑惠,97,46,80,223,74.3
S1100,游昱廷,70,87,53,210,70.0
S1101,黃欣彤,88,84,85,257,85.7
S1102,楊志遠,54,72,64,190,63.3
S1103,曾育誠,53,58,86,197,65.7
S1104,蔡雅文,53,64,89,206,68.7
S1105,馬佩宜,94,54,86,234,78.0
S1106,趙美華,49,80,79,208,69.3
S1107,劉志龍,91,46,93,230,76.7
S1108,施欣妤,71,64,73,208,69.3
S1109,游俊傑,51,53,56,160,53.3
S1110,林雅晴,84,62,83,229,76.3
S1111,趙怡蓁,59,59,88,206,68.7
S1112,林品睿,53,77,99,229,76.3
S1113,曾家豪,56,99,69,224,74.7
S1114,潘建國,57,59,47,163,54.3
S1115,卓雅婷,62,71,59,192,64.0
S1116,洪雅琪,56,73,84,213,71.0
S1117,潘淑萍,60,72,70,202,67.3
S1118,陳淑惠,91,65,70,226,75.3
S1119,石美瑤,83,79,78,240,80.0
S1120,陳雅筑,74,97,47,218,72.7
S1121,周怡萱,92,47,80,219,73.0
S1122,紀佳蓉,57,63,73,193,64.3
S1123,葉雅琳,74,55,72,201,67.0
S1124,方佳蓉,89,78,54,221,73.7
S1125,魏雅筑,50,91,77,218,72.7
S1126,劉承翰,89,79,53,221,73.7
S1127,葉哲瑋,46,56,74,176,58.7
S1128,高雅文,74,50,61,185,61.7
S1129,施雅惠,90,91,52,233,77.7
S1130,黃哲瑋,85,68,50,203,67.7
S1131,馬宜蓁,84,55,69,208,69.3
S1132,孫建國,66,81,87,234,78.0
S1133,鄭志龍,56,94,90,240,80.0
S1134,張宇軒,91,94,73,258,86.0
S1135,方雅雯,53,57,45,155,51.7
S1136,石雅婷,74,76,99,249,83.0
S1137,潘雅婷,83,76,60,219,73.0
S1138,邱品妍,74,71,73,218,72.7
S1139,黃雅婷,60,80,62,202,67.3
S1140,石淑玲,48,56,54,158,52.7
S1141,張美玲,54,99,47,200,66.7
S1142,趙淑娟,66,50,48,164,54.7
S1143,吳志遠,55,88,63,206,68.7
S1144,石怡蓁,81,95,80,256,85.3
S1145,謝佩蓉,68,47,50,165,55.0
S1146,何文翔,97,49,93,239,79.7
S1147,錢雅琪,63,75,53,191,63.7
S1148,劉佩瑩,66,78,71,215,71.7
S1149,馬文凱,84,48,51,183,61.0
S1150,趙欣彤,50,75,91,216,72.0
S1151,曾雅琳,72,83,99,254,84.7
S1152,施志遠,84,67,53,204,68.0
S1153,石欣彤,91,85,76,252,84.0
S1154,潘雅晴,59,90,63,212,70.7
S1155,洪建宏,74,85,95,254,84.7
S1156,劉淑玲,96,84,71,251,83.7
S1157,卓聖凱,80,96,85,261,87.0
S1158,邱俊傑,89,63,61,213,71.0
S1159,李威廷,80,65,94,239,79.7
S1160,王昱廷,66,70,91,227,75.7
S1161,趙淑芬,98,56,57,211,70.3
S1162,盧品妍,75,96,47,218,72.7
S1163,蔡宗緯,79,66,74,219,73.0
S1164,卓佳蓉,98,78,64,240,80.0
S1165,趙美華,80,79,46,205,68.3
S1166,邱雅慧,96,95,67,258,86.0
S1167,李佩瑩,98,46,66,210,70.0
S1168,紀雅惠,81,83,69,233,77.7
S1169,謝淑娟,90,99,65,254,84.7
S1170,陳志偉,76,60,68,204,68.0
S1171,羅淑娟,58,78,64,200,66.7
S1172,謝俊賢,94,57,50,201,67.0
S1173,羅品妍,77,54,57,188,62.7
S1174,盧欣彤,64,94,65,223,74.3
S1175,鄭淑華,97,78,88,263,87.7
S1176,蔡俊賢,74,69,90,233,77.7
S1177,馬宇軒,47,88,99,234,78.0
S1178,曾雅慧,74,47,51,172,57.3
S1179,馬淑娟,46,81,93,220,73.3
S1180,何淑玲,65,57,57,179,59.7
S1181,方柏翰,94,73,87,254,84.7
S1182,劉建國,62,52,45,159,53.0
S1183,石淑華,58,79,67,204,68.0
S1184,孫志龍,90,96,63,249,83.0
S1185,趙明哲,64,84,66,214,71.3
S1186,范俊明,46,75,88,209,69.7
S1187,張宗翰,50,72,70,192,64.0
S1188,謝佩蓉,85,98,89,272,90.7
S1189,羅淑娟,66,97,57,220,73.3
S1190,范宗緯,81,53,50,184,61.3
S1191,魏宇軒,88,86,90,264,88.0
S1192,魏哲宇,54,84,61,199,66.3
S1193,蘇昱廷,95,65,74,234,78.0
S1194,潘品睿,52,67,75,194,64.7
S1195,魏雅琳,94,67,83,244,81.3
S1196,趙建志,70,97,90,257,85.7
S1197,吳明哲,95,64,79,238,79.3
S1198,魏宏達,60,84,60,204,68.0
S1199,孫品睿,69,49,66,184,61.3
S1200,邱佩蓉,72,95,72,239,79.7
S1201,趙雅涵,89,60,56,205,68.3
S1202,李美瑤,98,76,52,226,75.3
S1203,高美華,80,51,97,228,76.0
S1204,羅佳翰,49,83,51,183,61.0
S1205,曾淑惠,65,76,86,227,75.7
S1206,張俊明,82,93,85,260,86.7
S1207,王淑真,73,79,63,215,71.7
S1208,紀雅筑,57,58,88,203,67.7
S1209,施宇軒,72,90,67,229,76.3
S1210,黃雅晴,77,70,99,246,82.0
S1211,蔡佳蓉,68,80,48,196,65.3
S1212,王佩君,52,63,46,161,53.7
S1213,周承翰,70,85,65,220,73.3
S1214,紀俊宇,79,58,87,224,74.7
S1215,謝俊傑,80,69,98,247,82.3
S1216,蘇淑真,63,87,53,203,67.7
S1217,蔡建宏,54,91,76,221,73.7
S1218,錢佩珊,50,53,86,189,63.0
S1219,卓怡蓁,72,84,56,212,70.7
S1220,魏淑媛,97,73,69,239,79.7
S1221,戴俊宇,83,45,81,209,69.7
S1222,潘怡君,90,77,62,229,76.3
S1223,卓美瑤,68,47,47,162,54.0
S1224,趙家豪,52,82,75,209,69.7
S1225,黃仁豪,99,93,94,286,95.3
S1226,游志偉,78,84,50,212,70.7
S1227,周明哲,88,85,79,252,84.0
S1228,高宗翰,66,79,94,239,79.7
S1229,王威廷,75,81,91,247,82.3
S1230,盧宗諺,63,55,47,165,55.0
S1231,曾美瑤,61,48,85,194,64.7
S1232,宋美瑤,48,87,63,198,66.0
S1233,石冠霖,50,53,77,180,60.0
S1234,李佩瑩,61,53,84,198,66.0
S1235,游彥廷,45,92,52,189,63.0
S1236,曾承翰,92,54,87,233,77.7
S1237,羅志遠,61,95,89,245,81.7
S1238,周仁豪,47,66,50,163,54.3
S1239,鄭淑真,98,76,93,267,89.0
S1240,卓怡君,87,73,91,251,83.7
S1241,許聖凱,48,86,61,195,65.0
S1242,劉宗緯,70,75,64,209,69.7
S1243,宋雅涵,59,69,88,216,72.0
S1244,紀志龍,78,72,45,195,65.0
S1245,方雅筑,69,88,65,222,74.0
S1246,馬美玲,51,79,85,215,71.7
S1247,戴佩宜,84,86,99,269,89.7
S1248,游彥宏,96,51,61,208,69.3
S1249,高冠宇,91,88,82,261,87.0
S1250,洪美慧,65,80,45,190,63.3
S1251,王雅婷,71,51,78,200,66.7
S1252,吳佩君,59,91,63,213,71.0
S1253,江建宏,84,50,48,182,60.7
S1254,曾淑玲,83,85,52,220,73.3
S1255,劉彥霖,53,69,87,209,69.7
S1256,趙美慧,52,89,56,197,65.7
S1257,江明哲,85,74,62,221,73.7
S1258,錢美華,61,55,94,210,70.0
S1259,李宗翰,69,69,66,204,68.0
S1260,張彥廷,56,73,49,178,59.3
S1261,潘雅文,84,70,56,210,70.0
S1262,潘育誠,94,72,58,224,74.7
S1263,石雅筑,90,61,51,202,67.3
S1264,陳志遠,91,61,94,246,82.0
S1265,羅冠霖,54,86,85,225,75.0
S1266,王淑惠,62,54,89,205,68.3
S1267,盧美瑤,45,77,90,212,70.7
S1268,潘佳翰,99,91,94,284,94.7
S1269,李雅婷,69,89,97,255,85.0
S1270,宋育誠,67,66,88,221,73.7
S1271,何志偉,68,79,99,246,82.0
S1272,盧宗緯,93,94,63,250,83.3
S1273,洪俊賢,69,87,57,213,71.0
S1274,何淑華,85,89,67,241,80.3
S1275,潘哲瑋,92,57,53,202,67.3
S1276,陳承翰,60,76,69,205,68.3
S1277,李淑娟,76,79,98,253,84.3
S1278,羅淑芬,47,66,48,161,53.7
S1279,盧美玲,70,52,58,180,60.0
S1280,馬育誠,54,92,82,228,76.0
S1281,楊美玲,92,54,76,222,74.0
S1282,林博凱,47,60,89,196,65.3
S1283,蔡宗翰,64,97,95,256,85.3
S1284,吳建國,98,82,49,229,76.3
S1285,吳彥霖,96,84,59,239,79.7
S1286,李佩宜,66,96,98,260,86.7
S1287,葉志遠,79,53,65,197,65.7
S1288,邱佩蓉,56,66,49,171,57.0
S1289,劉宏達,55,89,68,212,70.7
S1290,孫冠宇,82,47,53,182,60.7
S1291,吳雅晴,69,94,55,218,72.7
S1292,林欣怡,45,45,56,146,48.7
S1293,黃佩蓉,63,71,89,223,74.3
S1294,宋淑玲,54,85,62,201,67.0
S1295,馬冠宇,56,84,89,229,76.3
S1296,陳佳穎,84,50,85,219,73.0
S1297,何志豪,80,60,57,197,65.7
S1298,劉淑華,84,68,93,245,81.7
S1299,范淑萍,94,85,87,266,88.7
S1300,邱俊傑,52,95,54,201,67.0
S1301,宋建國,87,47,48,182,60.7
S1302,蘇俊宇,61,66,84,211,70.3
S1303,魏宗翰,79,56,55,190,63.3
S1304,林冠廷,49,60,91,200,66.7
S1305,羅美華,71,57,92,220,73.3
S1306,施冠廷,65,59,51,175,58.3
S1307,周雅文,69,59,49,177,59.0
S1308,宋佳蓉,72,54,58,184,61.3
S1309,石文翔,68,53,74,195,65.0
S1310,洪佩瑩,57,66,53,176,58.7
S1311,陳佳蓉,62,53,52,167,55.7
S1312,魏建國,93,66,59,218,72.7
S1313,方雅晴,55,81,80,216,72.0
S1314,楊仁豪,76,58,82,216,72.0
S1315,宋佩瑩,45,91,72,208,69.3
S1316,周俊宇,82,59,82,223,74.3
S1317,鄭雅婷,71,47,47,165,55.0
S1318,宋宜蓁,47,72,78,197,65.7
S1319,葉建志,73,76,60,209,69.7
S1320,黃雅婷,89,91,71,251,83.7
S1321,邱宗諺,60,86,50,196,65.3
S1322,林宇軒,55,90,74,219,73.0
S1323,趙淑芬,74,74,94,242,80.7
S1324,蔡怡萱,56,95,68,219,73.0
S1325,魏雅婷,85,49,69,203,67.7
S1326,盧雅琳,72,93,62,227,75.7
S1327,石淑玲,95,88,50,233,77.7
S1328,石佳蓉,77,88,68,233,77.7
S1329,張家豪,74,84,47,205,68.3
S1330,蘇冠穎,90,49,80,219,73.0
S1331,邱昱廷,60,79,52,191,63.7
S1332,宋佩蓉,89,58,93,240,80.0
S1333,楊彥宏,77,88,72,237,79.0
S1334,游家豪,67,73,76,216,72.0
S1335,鍾雅雯,75,90,79,244,81.3
S1336,范雅筑,84,68,96,248,82.7
S1337,李宗緯,50,50,70,170,56.7
S1338,謝明哲,51,55,62,168,56.0
S1339,劉佳穎,54,58,78,190,63.3
S1340,林育誠,53,75,67,195,65.0
S1341,卓建宏,63,57,49,169,56.3
S1342,林雅萍,98,78,86,262,87.3
S1343,盧昱廷,86,86,95,267,89.0
S1344,施仁豪,98,80,73,251,83.7
S1345,魏俊明,95,64,55,214,71.3
S1346,江家豪,63,94,99,256,85.3
S1347,張宗諺,74,55,84,213,71.0
S1348,許雅琳,56,56,98,210,70.0
S1349,鄭冠廷,47,65,81,193,64.3
S1350,蔡家豪,56,58,80,194,64.7
S1351,陳佩君,54,68,73,195,65.0
S1352,范雅涵,64,52,46,162,54.0
S1353,葉淑真,74,65,54,193,64.3
S1354,王雅涵,77,66,86,229,76.3
S1355,方宗諺,93,81,87,261,87.0
S1356,鄭雅筑,66,89,52,207,69.0
S1357,宋佩珊,88,80,52,220,73.3
S1358,何博凱,98,59,73,230,76.7
S1359,戴宗翰,83,86,57,226,75.3
S1360,高佩瑩,57,46,50,153,51.0
S1361,范欣怡,77,70,57,204,68.0
S1362,潘彥霖,77,48,87,212,70.7
S1363,蘇俊宇,68,69,68,205,68.3
S1364,王聖凱,64,73,80,217,72.3
S1365,黃哲瑋,92,71,96,259,86.3
S1366,羅俊宇,91,71,53,215,71.7
S1367,高淑真,58,64,75,197,65.7
S1368,馬雅琪,82,93,69,244,81.3
S1369,黃彥宏,71,56,80,207,69.0
S1370,魏佩珊,57,56,98,211,70.3
S1371,紀冠霖,47,97,97,241,80.3
S1372,何淑娟,76,80,92,248,82.7
S1373,魏志豪,54,61,64,179,59.7
S1374,宋宗諺,71,56,76,203,67.7
S1375,周彥宏,76,49,83,208,69.3
S1376,蘇美瑤,72,61,85,218,72.7
S1377,宋雅雯,68,77,91,236,78.7
S1378,趙彥廷,55,82,48,185,61.7
S1379,鄭俊明,67,55,48,170,56.7
S1380,游聖凱,48,63,63,174,58.0
S1381,馬雅琪,77,57,94,228,76.0
S1382,謝怡蓁,93,55,79,227,75.7
S1383,施淑娟,62,88,89,239,79.7
S1384,蘇承翰,67,97,54,218,72.7
S1385,王宗諺,68,94,76,238,79.3
S1386,卓建國,51,58,54,163,54.3
S1387,鍾俊傑,95,80,84,259,86.3
S1388,馬淑媛,89,93,96,278,92.7
S1389,劉明哲,52,97,53,202,67.3
S1390,林宇軒,89,68,53,210,70.0
S1391,羅怡蓁,78,93,66,237,79.0
S1392,謝淑芬,92,97,52,241,80.3
S1393,楊志龍,89,59,64,212,70.7
S1394,蔡志偉,72,89,93,254,84.7
S1395,劉品睿,93,72,47,212,70.7
S1396,洪威廷,82,48,75,205,68.3
S1397,劉美玲,49,64,87,200,66.7
S1398,王雅雯,83,58,82,223,74.3
S1399,洪聖凱,46,50,54,150,50.0
S1400,游佩君,67,55,99,221,73.7
S1401,鍾雅晴,60,77,81,218,72.7
S1402,李承翰,93,45,78,216,72.0
S1403,邱雅琳,55,93,79,227,75.7
S1404,王淑華,58,77,99,234,78.0
S1405,宋承翰,56,73,88,217,72.3
S1406,吳聖凱,69,72,58,199,66.3
S1407,鍾冠廷,93,65,52,210,70.0
S1408,魏俊明,76,93,68,237,79.0
S1409,方美玲,50,65,76,191,63.7
S1410,劉宗緯,83,92,64,239,79.7
S1411,羅宏達,63,99,72,234,78.0
S1412,洪品妍,88,68,56,212,70.7
S1413,王佳穎,88,51,70,209,69.7
S1414,羅欣怡,52,54,70,176,58.7
S1415,葉淑華,92,55,49,196,65.3
S1416,蘇雅慧,57,83,99,239,79.7
S1417,葉俊宇,91,76,62,229,76.3
S1418,高怡萱,67,75,87,229,76.3
S1419,曾佳穎,77,62,54,193,64.3
S1420,魏彥廷,76,76,59,211,70.3
S1421,蔡宗翰,98,49,76,223,74.3
S1422,林淑惠,83,88,65,236,78.7
S1423,鄭博凱,51,93,49,193,64.3
S1424,馬淑萍,57,63,87,207,69.0
S1425,潘彥廷,79,66,96,241,80.3
S1426,范美玲,72,52,69,193,64.3
S1427,羅文翔,73,74,47,194,64.7
S1428,陳宇軒,90,55,76,221,73.7
S1429,錢文翔,76,93,52,221,73.7
S1430,趙淑媛,88,79,81,248,82.7
S1431,宋建國,77,48,70,195,65.0
S1432,江文翔,84,88,67,239,79.7
S1433,方建宏,82,47,53,182,60.7
S1434,蘇承翰,46,93,85,224,74.7
S1435,盧俊宇,67,67,71,205,68.3
S1436,戴冠宇,60,60,86,206,68.7
S1437,何雅琪,64,52,66,182,60.7
S1438,許柏翰,47,74,87,208,69.3
S1439,錢欣妤,62,46,89,197,65.7
S1440,宋美華,69,81,69,219,73.0
S1441,施佳穎,51,89,88,228,76.0
S1442,邱威廷,96,93,87,276,92.0
S1443,盧宇軒,68,72,57,197,65.7
S1444,潘雅琪,98,99,79,276,92.0
S1445,邱宗翰,64,81,70,215,71.7
S1446,楊欣怡,90,99,82,271,90.3
S1447,吳佩瑩,49,81,96,226,75.3
S1448,馬文凱,67,95,49,211,70.3
S1449,何淑娟,72,87,79,238,79.3
S1450,施佳翰,61,84,77,222,74.0
S1451,魏淑媛,56,46,85,187,62.3
S1452,馬美瑤,76,58,87,221,73.7
S1453,魏育誠,96,84,99,279,93.0
S1454,錢佳蓉,78,57,68,203,67.7
S1455,魏志龍,92,88,93,273,91.0
S1456,何欣妤,65,98,49,212,70.7
S1457,邱佩瑩,97,63,86,246,82.0
S1458,許彥霖,60,70,60,190,63.3
S1459,劉建宏,60,96,97,253,84.3
S1460,何冠穎,72,72,86,230,76.7
S1461,陳彥宏,53,46,61,160,53.3
S1462,游美慧,86,99,47,232,77.3
S1463,潘佳蓉,50,65,83,198,66.0
S1464,何欣妤,68,87,87,242,80.7
S1465,黃俊明,60,52,81,193,64.3
S1466,鍾欣彤,87,98,82,267,89.0
S1467,馬志偉,60,83,52,195,65.0
S1468,施承翰,92,69,96,257,85.7
S1469,周淑玲,54,51,56,161,53.7
S1470,邱雅筑,71,61,82,214,71.3
S1471,張家豪,89,52,65,206,68.7
S1472,范冠宇,62,95,54,211,70.3
S1473,蘇家豪,97,64,46,207,69.0
S1474,曾宗翰,89,95,87,271,90.3
S1475,周文翔,64,85,89,238,79.3
S1476,蘇雅雯,79,60,99,238,79.3
S1477,羅佳翰,61,64,50,175,58.3
S1478,周建國,73,85,65,223,74.3
S1479,卓佩瑩,50,97,94,241,80.3
S1480,潘宏達,98,66,90,254,84.7
S1481,錢淑華,97,55,89,241,80.3
S1482,江佩君,71,83,91,245,81.7
S1483,孫淑萍,89,46,93,228,76.0
S1484,張美慧,85,73,95,253,84.3
S1485,蔡俊傑,85,64,65,214,71.3
S1486,趙建國,60,78,90,228,76.0
S1487,蔡欣妤,95,65,73,233,77.7
S1488,宋佩珊,61,56,88,205,68.3
S1489,高雅琳,57,50,71,178,59.3
S1490,蘇文翔,98,81,59,238,79.3
S1491,林淑媛,86,84,85,255,85.0
S1492,楊淑萍,57,61,89,207,69.0
S1493,許博凱,72,83,61,216,72.0
S1494,鄭家豪,55,81,52,188,62.7
S1495,王佩宜,94,74,97,265,88.3
S1496,潘文凱,57,97,95,249,83.0
S1497,游冠霖,69,53,72,194,64.7
S1498,邱雅琳,91,88,57,236,78.7
S1499,卓志龍,46,63,61,170,56.7
S1500,周怡君,68,82,88,238,79.3
S1501,魏品睿,53,65,89,207,69.0
S1502,葉淑惠,90,72,92,254,84.7
S1503,曾建志,80,48,48,176,58.7
S1504,盧品妍,67,83,87,237,79.0
S1505,曾美玲,45,61,77,183,61.0
S1506,石佳翰,87,68,53,208,69.3
S1507,孫志遠,61,55,77,193,64.3
S1508,潘淑萍,53,50,65,168,56.0
S1509,馬彥廷,52,65,47,164,54.7
S1510,蔡彥宏,92,68,72,232,77.3
S1511,方欣儀,84,98,93,275,91.7
S1512,江佩宜,55,65,92,212,70.7
S1513,潘淑真,80,99,87,266,88.7
S1514,羅志龍,48,59,56,163,54.3
S1515,陳建國,90,74,72,236,78.7
S1516,劉佳穎,47,73,67,187,62.3
S1517,孫冠霖,52,99,91,242,80.7
S1518,鄭志偉,58,63,56,177,59.0
S1519,許佩瑩,81,87,82,250,83.3
S1520,邱雅婷,78,94,81,253,84.3
S1521,謝明哲,60,94,76,230,76.7
S1522,吳淑芬,63,88,88,239,79.7
S1523,劉承翰,51,98,65,214,71.3
S1524,鄭宗緯,98,90,87,275,91.7
S1525,宋彥宏,83,87,45,215,71.7
S1526,盧雅晴,73,65,91,229,76.3
S1527,趙宗翰,96,86,63,245,81.7
S1528,施雅琪,80,83,69,232,77.3
S1529,黃志遠,60,94,70,224,74.7
S1530,黃文凱,55,69,94,218,72.7
S1531,葉志龍,52,64,76,192,64.0
S1532,錢淑娟,88,83,53,224,74.7
S1533,戴雅玲,77,57,76,210,70.0
S1534,羅品妍,62,81,83,226,75.3
S1535,錢俊宇,96,68,84,248,82.7
S1536,謝俊宇,50,47,77,174,58.0
S1537,盧雅萍,86,88,90,264,88.0
S1538,鄭欣彤,85,86,78,249,83.0
S1539,黃俊宇,50,96,75,221,73.7
S1540,何俊明,88,64,98,250,83.3
S1541,周雅琳,81,48,80,209,69.7
S1542,李宜蓁,51,77,72,200,66.7
S1543,卓志遠,97,61,67,225,75.0
S1544,江宜蓁,46,52,92,190,63.3
S1545,魏志遠,98,70,47,215,71.7
S1546,黃宇軒,65,82,91,238,79.3
S1547,魏雅筑,84,96,61,241,80.3
S1548,盧美慧,58,56,50,164,54.7
S1549,曾建志,72,79,46,197,65.7
S1550,王志豪,55,86,75,216,72.0
S1551,魏怡蓁,91,76,64,231,77.0
S1552,石雅晴,68,89,88,245,81.7
S1553,葉欣怡,53,53,45,151,50.3
S1554,洪建宏,89,57,99,245,81.7
S1555,林志龍,86,60,72,218,72.7
S1556,范宇軒,94,74,54,222,74.0
S1557,宋冠廷,55,54,92,201,67.0
S1558,羅品妍,46,73,82,201,67.0
S1559,周志遠,98,98,70,266,88.7
S1560,張建志,85,99,90,274,91.3
S1561,錢佳穎,92,82,83,257,85.7
S1562,孫美玲,76,70,76,222,74.0
S1563,鍾雅晴,88,97,76,261,87.0
S1564,楊欣彤,46,72,81,199,66.3
S1565,施佩瑩,86,71,75,232,77.3
S1566,劉聖凱,73,89,72,234,78.0
S1567,林俊傑,75,67,73,215,71.7
S1568,楊佩蓉,88,66,83,237,79.0
S1569,魏宗諺,91,90,69,250,83.3
S1570,卓雅玲,95,75,96,266,88.7
S1571,許雅琳,89,92,50,231,77.0
S1572,宋俊傑,55,83,76,214,71.3
S1573,吳佳穎,64,60,58,182,60.7
S1574,孫建宏,67,61,67,195,65.0
S1575,許威廷,47,96,49,192,64.0
S1576,盧博凱,59,52,80,191,63.7
S1577,楊昱廷,95,67,94,256,85.3
S1578,陳淑媛,62,54,99,215,71.7
S1579,鍾淑華,90,48,73,211,70.3
S1580,魏雅雯,51,95,84,230,76.7
S1581,石淑華,97,80,47,224,74.7
S1582,鍾冠廷,58,68,55,181,60.3
S1583,方宜蓁,76,91,51,218,72.7
S1584,鄭雅慧,97,53,52,202,67.3
S1585,洪宏達,94,94,45,233,77.7
S1586,周品妍,66,63,77,206,68.7
S1587,許家豪,90,93,71,254,84.7
S1588,蘇怡君,54,93,93,240,80.0
S1589,馬哲宇,53,96,72,221,73.7
S1590,卓淑萍,99,78,95,272,90.7
S1591,蘇雅筑,54,94,45,193,64.3
S1592,馬欣怡,66,65,70,201,67.0
S1593,許佳翰,93,47,87,227,75.7
S1594,鄭佳蓉,85,90,96,271,90.3
S1595,馬欣妤,70,88,89,247,82.3
S1596,孫美華,67,45,97,209,69.7
S1597,游雅晴,54,89,70,213,71.0
S1598,羅雅涵,84,95,84,263,87.7
S1599,羅怡萱,94,57,64,215,71.7
S1600,黃昱廷,69,91,91,251,83.7
S1601,蔡雅涵,63,58,50,171,57.0
S1602,鍾欣彤,66,93,85,244,81.3
S1603,許育誠,82,61,60,203,67.7
S1604,何宜蓁,52,91,48,191,63.7
S1605,蘇威廷,67,52,48,167,55.7
S1606,劉志遠,92,45,74,211,70.3
S1607,盧佩蓉,81,90,85,256,85.3
S1608,范雅萍,67,64,63,194,64.7
S1609,趙淑惠,78,92,60,230,76.7
S1610,吳承翰,57,97,94,248,82.7
S1611,蘇志龍,90,72,98,260,86.7
S1612,卓宗翰,72,53,75,200,66.7
S1613,邱家豪,88,78,70,236,78.7
S1614,高怡萱,61,82,76,219,73.0
S1615,錢佳穎,91,71,97,259,86.3
S1616,許俊明,76,90,74,240,80.0
S1617,蔡宜蓁,78,52,89,219,73.0
S1618,邱俊賢,92,55,80,227,75.7
S1619,蘇雅雯,83,99,71,253,84.3
S1620,劉志遠,63,47,78,188,62.7
S1621,鄭宇軒,68,64,63,195,65.0
S1622,潘志龍,54,95,82,231,77.0
S1623,卓宇軒,63,58,56,177,59.0
S1624,潘冠穎,67,49,47,163,54.3
S1625,卓宇軒,81,73,66,220,73.3
S1626,紀彥霖,53,93,53,199,66.3
S1627,鍾雅筑,87,73,54,214,71.3
S1628,施博凱,87,84,71,242,80.7
S1629,紀佳翰,66,79,47,192,64.0
S1630,羅欣怡,55,90,46,191,63.7
S1631,趙淑娟,80,86,52,218,72.7
S1632,孫博凱,79,81,93,253,84.3
S1633,張欣彤,57,93,75,225,75.0
S1634,鍾雅雯,87,79,56,222,74.0
S1635,林文凱,60,98,90,248,82.7
S1636,高育誠,83,65,70,218,72.7
S1637,高建宏,66,72,56,194,64.7
S1638,卓仁豪,65,69,61,195,65.0
S1639,黃建志,79,55,63,197,65.7
S1640,鄭志偉,54,64,71,189,63.0
S1641,許柏翰,56,46,90,192,64.0
S1642,張建志,65,54,71,190,63.3
S1643,施冠廷,48,57,60,165,55.0
S1644,曾佳穎,77,93,77,247,82.3
S1645,紀佩瑩,48,65,74,187,62.3
S1646,孫品睿,46,71,85,202,67.3
S1647,楊淑芬,62,80,82,224,74.7
S1648,吳冠穎,86,95,53,234,78.0
S1649,何雅筑,50,99,85,234,78.0
S1650,鍾志龍,68,79,55,202,67.3
S1651,周佩宜,80,73,47,200,66.7
S1652,王雅晴,63,86,55,204,68.0
S1653,王品睿,62,83,61,206,68.7
S1654,紀淑玲,82,98,77,257,85.7
S1655,方育誠,81,49,64,194,64.7
S1656,黃冠廷,98,53,91,242,80.7
S1657,孫佩宜,58,84,77,219,73.0
S1658,施雅慧,85,61,93,239,79.7
S1659,羅柏翰,66,58,74,198,66.0
S1660,曾俊明,86,45,83,214,71.3
S1661,宋志豪,88,56,71,215,71.7
S1662,孫佳穎,93,70,79,242,80.7
S1663,黃雅琪,79,46,98,223,74.3
S1664,羅佩君,97,69,97,263,87.7
S1665,曾志遠,98,94,96,288,96.0
S1666,王家豪,57,73,45,175,58.3
S1667,楊佩瑩,88,90,67,245,81.7
S1668,洪博凱,85,64,96,245,81.7
S1669,楊冠霖,68,47,62,177,59.0
S1670,潘怡蓁,58,45,57,160,53.3
S1671,葉彥宏,81,77,76,234,78.0
S1672,許美瑤,88,88,83,259,86.3
S1673,趙承翰,53,92,49,194,64.7
S1674,蔡志遠,99,59,78,236,78.7
S1675,游建宏,89,88,79,256,85.3
S1676,石冠穎,74,45,72,191,63.7
S1677,張美華,72,99,71,242,80.7
S1678,游仁豪,74,76,68,218,72.7
S1679,馬雅萍,48,62,71,181,60.3
S1680,范志豪,70,57,66,193,64.3
S1681,黃淑芬,92,59,89,240,80.0
S1682,錢怡君,57,55,66,178,59.3
S1683,何建志,46,75,72,193,64.3
S1684,林雅慧,98,61,60,219,73.0
S1685,吳昱廷,98,48,97,243,81.0
S1686,盧怡君,49,94,83,226,75.3
S1687,石建志,85,73,82,240,80.0
S1688,劉宗翰,47,69,65,181,60.3
S1689,李佳蓉,96,73,48,217,72.3
S1690,何佩宜,49,51,88,188,62.7
S1691,張雅琳,99,69,70,238,79.3
S1692,吳欣妤,59,83,95,237,79.0
S1693,石文翔,74,95,72,241,80.3
S1694,石雅慧,86,88,95,269,89.7
S1695,林昱廷,82,57,51,190,63.3
S1696,吳明哲,82,95,98,275,91.7
S1697,洪佩珊,85,77,61,223,74.3
S1698,戴博凱,73,56,60,189,63.0
S1699,蔡佳蓉,53,64,82,199,66.3
S1700,錢佩君,64,82,79,225,75.0
S1701,鄭宇軒,83,66,63,212,70.7
S1702,蘇欣彤,82,87,88,257,85.7
S1703,鄭威廷,97,98,80,275,91.7
S1704,張俊傑,57,85,57,199,66.3
S1705,李品睿,89,89,74,252,84.0
S1706,曾佩蓉,81,66,84,231,77.0
S1707,何建國,51,74,95,220,73.3
S1708,陳志豪,85,59,89,233,77.7
S1709,楊文凱,60,75,92,227,75.7
S1710,盧淑惠,58,70,56,184,61.3
S1711,王明哲,67,46,80,193,64.3
S1712,劉哲瑋,57,85,82,224,74.7
S1713,蘇建宏,57,57,63,177,59.0
S1714,謝彥廷,91,56,66,213,71.0
S1715,孫俊傑,46,56,98,200,66.7
S1716,江淑芬,98,88,53,239,79.7
S1717,紀雅雯,66,58,64,188,62.7
S1718,魏家豪,87,55,78,220,73.3
S1719,石雅琪,52,54,53,159,53.0
S1720,洪文翔,89,68,65,222,74.0
S1721,曾冠宇,47,93,84,224,74.7
S1722,高育誠,63,95,54,212,70.7
S1723,施彥宏,53,99,77,229,76.3
S1724,高淑玲,91,50,95,236,78.7
S1725,宋雅晴,49,55,77,181,60.3
S1726,紀宜蓁,68,76,78,222,74.0
S1727,魏家豪,78,89,75,242,80.7
S1728,潘承翰,70,85,95,250,83.3
S1729,高淑玲,59,57,73,189,63.0
S1730,周宇軒,72,69,81,222,74.0
S1731,許雅玲,61,80,50,191,63.7
S1732,蔡雅琳,73,78,67,218,72.7
S1733,楊淑萍,77,84,66,227,75.7
S1734,錢俊宇,71,68,96,235,78.3
S1735,潘文翔,46,56,73,175,58.3
S1736,楊明哲,67,50,63,180,60.0
S1737,鍾欣怡,95,62,59,216,72.0
S1738,吳家豪,47,79,57,183,61.0
S1739,盧昱廷,61,64,92,217,72.3
S1740,游彥霖,53,99,93,245,81.7
S1741,范雅婷,94,64,63,221,73.7
S1742,戴怡萱,70,97,82,249,83.0
S1743,王威廷,93,54,70,217,72.3
S1744,楊文凱,75,59,78,212,70.7
S1745,高淑萍,91,97,74,262,87.3
S1746,盧美華,99,57,72,228,76.0
S1747,卓哲瑋,99,80,46,225,75.0
S1748,蘇俊明,64,92,45,201,67.0
S1749,潘佩君,66,59,71,196,65.3
S1750,錢怡萱,93,94,89,276,92.0
S1751,范承翰,46,81,95,222,74.0
S1752,陳淑真,66,81,85,232,77.3
S1753,曾美瑤,70,69,58,197,65.7
S1754,葉文翔,57,75,51,183,61.0
S1755,盧雅筑,85,64,50,199,66.3
S1756,許冠穎,56,47,97,200,66.7
S1757,曾志遠,57,49,69,175,58.3
S1758,方宗諺,87,78,49,214,71.3
S1759,魏仁豪,45,55,65,165,55.0
S1760,卓冠廷,53,79,71,203,67.7
S1761,宋淑惠,58,53,58,169,56.3
S1762,何品睿,55,83,81,219,73.0
S1763,何宜蓁,90,88,74,252,84.0
S1764,游志龍,73,49,97,219,73.0
S1765,葉怡君,78,66,81,225,75.0
S1766,潘志遠,47,92,50,189,63.0
S1767,方淑萍,67,89,98,254,84.7
S1768,何志遠,71,60,56,187,62.3
S1769,石淑萍,69,87,56,212,70.7
S1770,趙俊賢,60,55,62,177,59.0
S1771,范明哲,89,91,91,271,90.3
S1772,邱欣妤,93,80,52,225,75.0
S1773,蘇建志,77,94,94,265,88.3
S1774,施建國,61,58,77,196,65.3
S1775,陳明哲,85,89,88,262,87.3
S1776,魏佳翰,99,57,70,226,75.3
S1777,陳冠廷,90,53,65,208,69.3
S1778,魏明哲,50,80,87,217,72.3
S1779,周雅筑,53,75,97,225,75.0
S1780,游雅惠,98,46,83,227,75.7
S1781,吳冠廷,79,92,70,241,80.3
S1782,許志豪,88,62,54,204,68.0
S1783,羅文凱,90,47,88,225,75.0
S1784,范宗翰,98,85,96,279,93.0
S1785,馬淑華,69,89,64,222,74.0
S1786,羅志豪,48,94,69,211,70.3
S1787,洪雅玲,60,57,50,167,55.7
S1788,林志豪,66,97,57,220,73.3
S1789,李建志,96,98,98,292,97.3
S1790,許美玲,71,77,51,199,66.3
S1791,施俊傑,84,58,79,221,73.7
S1792,葉雅雯,59,58,51,168,56.0
S1793,戴志豪,70,86,65,221,73.7
S1794,王宗緯,59,49,87,195,65.0
S1795,游雅玲,47,49,58,154,51.3
S1796,卓彥霖,76,51,90,217,72.3
S1797,范美瑤,55,61,51,167,55.7
S1798,曾文翔,88,94,89,271,90.3
S1799,蔡柏翰,99,87,75,261,87.0
S1800,李彥霖,82,73,69,224,74.7
S1801,鍾雅萍,77,82,90,249,83.0
S1802,王博凱,93,52,64,209,69.7
S1803,周怡君,84,50,48,182,60.7
S1804,蔡宗諺,57,54,69,180,60.0
S1805,邱怡君,91,83,73,247,82.3
S1806,盧柏翰,86,95,93,274,91.3
S1807,陳欣妤,86,97,63,246,82.0
S1808,林昱廷,66,60,58,184,61.3
S1809,范冠宇,96,88,89,273,91.0
S1810,楊淑惠,78,65,56,199,66.3
S1811,羅雅琪,76,49,57,182,60.7
S1812,張淑真,58,53,50,161,53.7
S1813,謝淑玲,60,77,50,187,62.3
S1814,錢淑娟,55,91,57,203,67.7
S1815,周彥霖,60,64,63,187,62.3
S1816,趙俊傑,62,95,75,232,77.3
S1817,黃雅玲,70,69,55,194,64.7
S1818,宋威廷,84,92,72,248,82.7
S1819,鄭品妍,46,93,69,208,69.3
S1820,錢淑娟,83,79,54,216,72.0
S1821,孫欣儀,69,74,64,207,69.0
S1822,魏冠穎,83,75,49,207,69.0
S1823,盧品睿,57,54,57,168,56.0
S1824,王威廷,91,91,68,250,83.3
S1825,潘宏達,70,92,68,230,76.7
S1826,紀承翰,49,71,47,167,55.7
S1827,劉志遠,55,57,93,205,68.3
S1828,錢佩君,77,90,76,243,81.0
S1829,蘇淑惠,72,92,60,224,74.7
S1830,周家豪,85,90,88,263,87.7
S1831,林淑真,61,83,74,218,72.7
S1832,鄭彥霖,82,87,98,267,89.0
S1833,許志偉,86,90,69,245,81.7
S1834,葉欣怡,78,57,72,207,69.0
S1835,許欣儀,89,64,77,230,76.7
S1836,范淑惠,82,64,91,237,79.0
S1837,卓欣怡,51,85,81,217,72.3
S1838,戴佩瑩,92,58,92,242,80.7
S1839,葉雅婷,55,97,76,228,76.0
S1840,王宏達,78,71,86,235,78.3
S1841,方雅惠,56,68,56,180,60.0
S1842,蔡志遠,77,52,73,202,67.3
S1843,趙美慧,57,48,92,197,65.7
S1844,謝雅文,61,71,73,205,68.3
S1845,石建國,50,63,50,163,54.3
S1846,紀明哲,66,46,82,194,64.7
S1847,周建志,45,48,62,155,51.7
S1848,王美玲,51,58,78,187,62.3
S1849,王仁豪,93,62,76,231,77.0
S1850,宋怡蓁,72,66,68,206,68.7
S1851,盧怡君,68,87,70,225,75.0
S1852,紀佩君,66,96,51,213,71.0
S1853,王佳翰,91,98,53,242,80.7
S1854,林欣彤,62,89,93,244,81.3
S1855,周博凱,88,87,75,250,83.3
S1856,鍾俊傑,45,85,97,227,75.7
S1857,施家豪,47,96,92,235,78.3
S1858,施雅萍,83,76,70,229,76.3
S1859,石佩君,72,75,87,234,78.0
S1860,吳雅琳,83,57,90,230,76.7
S1861,鄭美瑤,95,99,90,284,94.7
S1862,鍾冠霖,95,50,64,209,69.7
S1863,孫淑萍,55,73,52,180,60.0
S1864,宋怡君,60,58,55,173,57.7
S1865,黃建宏,55,65,69,189,63.0
S1866,游彥廷,87,75,87,249,83.0
S1867,劉雅涵,85,91,76,252,84.0
S1868,黃雅慧,59,81,94,234,78.0
S1869,曾昱廷,69,90,92,251,83.7
S1870,紀淑媛,99,72,96,267,89.0
S1871,楊冠廷,63,50,52,165,55.0
S1872,黃承翰,57,92,52,201,67.0
S1873,趙柏翰,69,81,92,242,80.7
S1874,王承翰,79,57,99,235,78.3
S1875,紀美華,94,68,96,258,86.0
S1876,蔡怡蓁,82,59,51,192,64.0
S1877,葉宗緯,65,54,97,216,72.0
S1878,方佳穎,88,74,54,216,72.0
S1879,曾俊賢,83,65,64,212,70.7
S1880,鍾雅雯,62,99,90,251,83.7
S1881,趙文凱,76,63,90,229,76.3
S1882,紀昱廷,54,97,90,241,80.3
S1883,邱雅萍,89,92,48,229,76.3
S1884,謝怡萱,64,97,87,248,82.7
S1885,許淑媛,70,66,72,208,69.3
S1886,宋怡萱,70,49,78,197,65.7
S1887,方俊傑,89,99,80,268,89.3
S1888,葉柏翰,93,95,82,270,90.0
S1889,張淑娟,74,86,55,215,71.7
S1890,趙品睿,63,54,58,175,58.3
S1891,邱雅文,92,86,45,223,74.3
S1892,蘇美瑤,51,88,95,234,78.0
S1893,鄭俊宇,88,98,55,241,80.3
S1894,張品睿,56,48,52,156,52.0
S1895,鍾佩蓉,72,54,85,211,70.3
S1896,葉冠廷,60,70,76,206,68.7
S1897,何美慧,86,92,69,247,82.3
S1898,黃淑惠,62,85,86,233,77.7
S1899,羅冠廷,52,50,52,154,51.3
S1900,潘宜蓁,59,46,82,187,62.3
S1901,趙品妍,62,89,92,243,81.0
S1902,吳美慧,69,75,86,230,76.7
S1903,錢俊明,51,65,49,165,55.0
S1904,范建宏,70,80,97,247,82.3
S1905,范欣彤,76,49,78,203,67.7
S1906,高雅雯,93,93,58,244,81.3
S1907,劉彥霖,89,56,45,190,63.3
S1908,孫柏翰,52,47,53,152,50.7
S1909,趙建國,50,80,61,191,63.7
S1910,陳冠廷,77,64,68,209,69.7
S1911,范志豪,60,64,47,171,57.0
S1912,馬雅琳,87,79,73,239,79.7
S1913,蔡美華,78,67,83,228,76.0
S1914,范淑華,87,97,47,231,77.0
S1915,周志龍,64,99,98,261,87.0
S1916,邱怡蓁,80,58,82,220,73.3
S1917,戴博凱,72,49,80,201,67.0
S1918,江建國,70,74,50,194,64.7
S1919,江淑真,79,58,49,186,62.0
S1920,游雅文,90,68,81,239,79.7
S1921,鍾欣妤,97,54,65,216,72.0
S1922,錢彥霖,60,49,62,171,57.0
S1923,劉淑媛,71,49,66,186,62.0
S1924,黃昱廷,94,62,54,210,70.0
S1925,楊建志,69,59,69,197,65.7
S1926,吳雅雯,56,78,91,225,75.0
S1927,何佳穎,51,78,67,196,65.3
S1928,趙淑媛,62,83,51,196,65.3
S1929,張文翔,56,67,96,219,73.0
S1930,范怡萱,75,82,53,210,70.0
S1931,江威廷,90,54,87,231,77.0
S1932,蔡志遠,92,62,48,202,67.3
S1933,蘇怡君,88,83,71,242,80.7
S1934,魏聖凱,96,74,77,247,82.3
S1935,方俊宇,78,90,97,265,88.3
S1936,楊志偉,64,71,94,229,76.3
S1937,施欣怡,49,91,60,200,66.7
S1938,黃宗翰,50,92,63,205,68.3
S1939,孫雅婷,72,88,77,237,79.0
S1940,蔡威廷,88,88,79,255,85.0
S1941,劉博凱,57,98,92,247,82.3
S1942,王雅涵,92,67,60,219,73.0
S1943,馬美玲,83,73,55,211,70.3
S1944,馬美慧,49,68,98,215,71.7
S1945,蔡佳蓉,72,76,69,217,72.3
S1946,許冠廷,66,88,60,214,71.3
S1947,范雅雯,63,64,75,202,67.3
S1948,方志豪,92,85,81,258,86.0
S1949,葉宇軒,86,77,97,260,86.7
S1950,陳雅晴,99,76,48,223,74.3
S1951,戴宗緯,66,64,67,197,65.7
S1952,吳志遠,70,67,45,182,60.7
S1953,吳俊傑,50,78,77,205,68.3
S1954,鄭冠霖,45,54,94,193,64.3
S1955,江佳翰,68,64,68,200,66.7
S1956,錢雅涵,96,62,51,209,69.7
S1957,羅雅筑,55,53,67,175,58.3
S1958,錢俊傑,52,57,63,172,57.3
S1959,陳宏達,92,66,47,205,68.3
S1960,許品妍,87,62,52,201,67.0
S1961,卓冠霖,96,88,90,274,91.3
S1962,蔡佳翰,77,91,92,260,86.7
S1963,紀建志,95,46,53,194,64.7
S1964,鄭志豪,94,88,60,242,80.7
S1965,張雅慧,72,83,92,247,82.3
S1966,王宗諺,63,76,50,189,63.0
S1967,錢志龍,91,77,56,224,74.7
S1968,周冠廷,61,89,60,210,70.0
S1969,錢建志,89,91,77,257,85.7
S1970,石承翰,85,85,54,224,74.7
S1971,楊佳翰,47,62,57,166,55.3
S1972,鄭博凱,57,50,48,155,51.7
S1973,紀宇軒,89,85,59,233,77.7
S1974,楊品睿,48,77,72,197,65.7
S1975,張彥宏,68,62,67,197,65.7
S1976,卓宗翰,56,47,45,148,49.3
S1977,張美華,58,63,75,196,65.3
S1978,游淑華,72,56,61,189,63.0
S1979,潘宇軒,52,51,87,190,63.3
S1980,王佩珊,66,68,92,226,75.3
S1981,蘇佩蓉,78,83,68,229,76.3
S1982,周淑玲,82,69,50,201,67.0
S1983,吳彥霖,52,47,82,181,60.3
S1984,洪哲瑋,51,49,79,179,59.7
S1985,石品睿,93,57,79,229,76.3
S1986,鄭俊傑,71,80,90,241,80.3
S1987,江淑媛,67,68,73,208,69.3
S1988,劉雅琪,75,71,78,224,74.7
S1989,鍾雅惠,83,62,89,234,78.0
S1990,蔡志遠,48,95,89,232,77.3
S1991,洪怡萱,76,88,79,243,81.0
S1992,鍾雅惠,73,93,77,243,81.0
S1993,紀淑惠,70,83,62,215,71.7
S1994,邱建國,81,58,82,221,73.7
S1995,王宜蓁,74,77,90,241,80.3
S1996,馬哲宇,63,90,62,215,71.7
S1997,孫哲宇,47,79,60,186,62.0
S1998,方志龍,62,53,62,177,59.0
S1999,張怡君,97,58,79,234,78.0
S2000,劉聖凱,85,83,68,236,78.7
S2001,施冠穎,61,91,53,205,68.3
S2002,卓雅琳,65,48,85,198,66.0
S2003,王雅萍,91,62,56,209,69.7
S2004,江雅涵,87,94,94,275,91.7
S2005,高文翔,86,61,85,232,77.3
S2006,曾雅筑,59,65,62,186,62.0
S2007,邱怡萱,54,73,59,186,62.0
S2008,錢品睿,50,76,56,182,60.7
S2009,魏志遠,57,81,76,214,71.3
S2010,謝淑芬,64,55,56,175,58.3
S2011,葉雅文,49,54,49,152,50.7
S2012,錢佳翰,51,91,78,220,73.3
S2013,蔡雅婷,83,51,69,203,67.7
S2014,紀志豪,93,98,86,277,92.3
S2015,陳志偉,62,54,85,201,67.0
S2016,曾志豪,95,51,79,225,75.0
S2017,盧欣怡,57,53,75,185,61.7
S2018,趙雅惠,64,66,75,205,68.3
S2019,鄭育誠,89,62,85,236,78.7
S2020,范俊賢,51,79,63,193,64.3
S2021,吳欣妤,54,45,59,158,52.7
S2022,林文翔,54,67,86,207,69.0
S2023,方文翔,88,90,97,275,91.7
S2024,劉冠廷,59,51,63,173,57.7
S2025,戴昱廷,52,68,50,170,56.7
S2026,陳美慧,72,78,66,216,72.0
S2027,曾俊宇,54,87,88,229,76.3
S2028,何雅琳,67,51,62,180,60.0
S2029,潘欣儀,96,90,96,282,94.0
S2030,李淑真,94,86,54,234,78.0
S2031,施哲瑋,91,95,95,281,93.7
S2032,宋雅雯,81,72,91,244,81.3
S2033,游柏翰,53,56,94,203,67.7
S2034,紀冠霖,72,75,89,236,78.7
S2035,卓雅慧,53,96,86,235,78.3
S2036,周冠穎,76,79,79,234,78.0
S2037,潘雅萍,69,50,82,201,67.0
S2038,卓雅萍,89,50,60,199,66.3
S2039,蘇建宏,68,80,75,223,74.3
S2040,蔡佳蓉,67,68,99,234,78.0
S2041,蔡志龍,98,99,80,277,92.3
S2042,卓哲宇,48,92,53,193,64.3
S2043,劉淑真,69,91,46,206,68.7
S2044,錢建志,87,82,49,218,72.7
S2045,宋雅惠,46,54,68,168,56.0
S2046,鄭明哲,45,81,98,224,74.7
S2047,卓志遠,75,92,53,220,73.3
S2048,馬淑娟,75,71,91,237,79.0
S2049,盧志豪,63,52,54,169,56.3
S2050,張美玲,83,93,56,232,77.3
S2051,鍾佳翰,98,72,88,258,86.0
S2052,魏欣儀,81,77,64,222,74.0
S2053,楊建國,62,50,78,190,63.3
S2054,紀佩珊,92,58,70,220,73.3
S2055,石佳翰,56,97,92,245,81.7
S2056,孫雅琪,97,89,74,260,86.7
S2057,宋佳翰,97,69,55,221,73.7
S2058,張佩宜,57,62,51,170,56.7
S2059,吳彥霖,94,99,66,259,86.3
S2060,林建國,79,51,49,179,59.7
S2061,邱淑娟,57,80,57,194,64.7
S2062,陳志偉,81,81,47,209,69.7
S2063,趙品妍,47,48,65,160,53.3
S2064,黃雅婷,67,93,63,223,74.3
S2065,葉美華,93,70,91,254,84.7
S2066,戴淑華,66,71,92,229,76.3
S2067,鍾志龍,46,82,95,223,74.3
S2068,紀俊賢,63,55,54,172,57.3
S2069,魏志偉,90,59,58,207,69.0
S2070,鄭雅惠,77,78,91,246,82.0
S2071,曾雅慧,73,95,53,221,73.7
S2072,盧博凱,99,72,47,218,72.7
S2073,紀博凱,83,49,54,186,62.0
S2074,趙佳穎,51,96,45,192,64.0
S2075,鄭淑娟,80,96,95,271,90.3
S2076,黃宗緯,65,55,63,183,61.0
S2077,許志遠,68,67,50,185,61.7
S2078,李宗緯,61,75,61,197,65.7
S2079,羅佩珊,52,81,76,209,69.7
S2080,陳宗諺,70,71,99,240,80.0
S2081,石佩珊,73,68,77,218,72.7
S2082,石雅玲,50,88,71,209,69.7
S2083,鍾俊賢,84,86,48,218,72.7
S2084,周淑媛,45,54,99,198,66.0
S2085,吳建國,81,70,99,250,83.3
S2086,李宗緯,87,50,67,204,68.0
S2087,魏育誠,97,74,51,222,74.0
S2088,黃建志,70,94,72,236,78.7
S2089,洪明哲,65,66,83,214,71.3
S2090,潘品睿,52,62,74,188,62.7
S2091,陳品妍,54,85,58,197,65.7
S2092,施怡蓁,94,69,48,211,70.3
S2093,蘇品妍,58,48,58,164,54.7
S2094,林佩宜,62,61,85,208,69.3
S2095,謝明哲,62,70,50,182,60.7
S2096,何雅筑,71,78,58,207,69.0
S2097,江宗翰,50,72,66,188,62.7
S2098,何聖凱,71,75,75,221,73.7
S2099,范雅惠,89,72,67,228,76.0
S2100,趙志豪,80,95,83,258,86.0
S2101,洪承翰,84,54,65,203,67.7
S2102,施宗緯,54,76,65,195,65.0
S2103,劉欣妤,61,78,91,230,76.7
S2104,王佩珊,85,73,85,243,81.0
S2105,高文凱,92,57,71,220,73.3
S2106,范怡蓁,69,58,67,194,64.7
S2107,邱美瑤,45,68,97,210,70.0
S2108,蘇宇軒,77,97,52,226,75.3
S2109,潘淑萍,71,71,67,209,69.7
S2110,戴佩宜,78,93,66,237,79.0
S2111,劉淑萍,72,68,56,196,65.3
S2112,孫雅涵,72,69,63,204,68.0
S2113,錢雅晴,99,51,50,200,66.7
S2114,吳建宏,84,71,51,206,68.7
S2115,潘雅晴,79,51,85,215,71.7
S2116,羅美玲,87,63,99,249,83.0
S2117,卓宗緯,80,69,52,201,67.0
S2118,洪雅雯,67,95,74,236,78.7
S2119,卓怡萱,45,68,95,208,69.3
S2120,楊佩瑩,87,61,64,212,70.7
S2121,卓雅婷,71,47,45,163,54.3
S2122,林家豪,98,97,78,273,91.0
S2123,曾建國,81,72,60,213,71.0
S2124,孫雅文,84,86,70,240,80.0
S2125,張美瑤,72,53,85,210,70.0
S2126,紀美慧,70,65,78,213,71.0
S2127,許建志,90,96,53,239,79.7
S2128,鍾志遠,95,70,98,263,87.7
S2129,江雅惠,65,58,50,173,57.7
S2130,黃志豪,85,94,82,261,87.0
S2131,鄭育誠,50,81,69,200,66.7
S2132,林佩珊,74,85,85,244,81.3
S2133,戴哲宇,64,57,79,200,66.7
S2134,周淑惠,94,61,87,242,80.7
S2135,張志龍,85,46,85,216,72.0
S2136,高雅雯,74,83,52,209,69.7
S2137,吳彥廷,56,50,49,155,51.7
S2138,潘淑玲,70,51,76,197,65.7
S2139,林冠霖,85,49,58,192,64.0
S2140,卓柏翰,85,73,96,254,84.7
S2141,許志豪,56,87,81,224,74.7
S2142,曾雅雯,66,67,75,208,69.3
S2143,石雅婷,55,78,92,225,75.0
S2144,江雅文,83,46,79,208,69.3
S2145,林淑真,58,68,52,178,59.3
S2146,邱俊明,59,50,91,200,66.7
S2147,蔡品睿,57,50,67,174,58.0
S2148,孫淑萍,92,96,76,264,88.0
S2149,錢怡萱,57,61,56,174,58.0
S2150,洪佩瑩,70,51,82,203,67.7
S2151,高文凱,91,76,72,239,79.7
S2152,羅彥宏,97,65,84,246,82.0
S2153,吳佩宜,57,81,67,205,68.3
S2154,蘇雅琪,73,55,47,175,58.3
S2155,鍾宏達,63,83,97,243,81.0
S2156,馬建宏,52,56,96,204,68.0
S2157,施志遠,67,60,49,176,58.7
S2158,邱雅玲,54,94,65,213,71.0
S2159,劉志豪,90,66,58,214,71.3
S2160,魏美華,59,80,49,188,62.7
S2161,紀文凱,78,58,51,187,62.3
S2162,孫彥霖,96,87,49,232,77.3
S2163,趙欣妤,88,93,72,253,84.3
S2164,施雅文,57,48,96,201,67.0
S2165,潘彥宏,71,52,52,175,58.3
S2166,羅柏翰,82,69,60,211,70.3
S2167,趙建宏,86,95,99,280,93.3
S2168,趙淑萍,63,53,98,214,71.3
S2169,葉育誠,78,47,66,191,63.7
S2170,林建志,98,96,71,265,88.3
S2171,何聖凱,70,50,80,200,66.7
S2172,施宗翰,70,64,89,223,74.3
S2173,魏冠廷,98,68,84,250,83.3
S2174,吳宗翰,97,45,53,195,65.0
S2175,吳佩宜,59,55,50,164,54.7
S2176,洪雅玲,97,79,45,221,73.7
S2177,張俊賢,52,48,64,164,54.7
S2178,李博凱,95,96,69,260,86.7
S2179,游佩珊,82,74,52,208,69.3
S2180,蔡志龍,93,82,99,274,91.3
S2181,卓雅雯,78,78,60,216,72.0
S2182,趙冠霖,62,65,94,221,73.7
S2183,宋彥廷,94,63,90,247,82.3
S2184,黃冠宇,87,86,92,265,88.3
S2185,邱雅琪,76,48,58,182,60.7
S2186,王淑萍,97,69,57,223,74.3
S2187,潘文凱,97,82,93,272,90.7
S2188,馬美華,93,64,90,247,82.3
S2189,魏宜蓁,51,53,59,163,54.3
S2190,蘇哲瑋,84,77,57,218,72.7
S2191,葉彥宏,72,55,88,215,71.7
S2192,何美瑤,86,51,54,191,63.7
S2193,魏雅雯,60,46,74,180,60.0
S2194,謝品睿,87,78,73,238,79.3
S2195,戴冠穎,50,67,72,189,63.0
S2196,邱威廷,72,77,66,215,71.7
S2197,張家豪,51,48,86,185,61.7
S2198,紀佩宜,57,63,57,177,59.0
S2199,葉彥宏,78,83,76,237,79.0
S2200,馬宗翰,86,60,52,198,66.0
S2201,楊俊賢,81,62,60,203,67.7
S2202,李佩瑩,59,84,89,232,77.3
S2203,葉建志,59,91,97,247,82.3
S2204,游建國,95,58,67,220,73.3
S2205,方雅琳,91,45,51,187,62.3
S2206,謝雅晴,75,92,64,231,77.0
S2207,周明哲,55,56,66,177,59.0
S2208,魏志豪,87,75,72,234,78.0
S2209,盧彥廷,49,55,88,192,64.0
S2210,王品妍,82,45,76,203,67.7
S2211,周俊賢,97,46,81,224,74.7
S2212,方欣彤,77,55,93,225,75.0
S2213,鄭淑華,64,96,92,252,84.0
S2214,盧聖凱,79,61,87,227,75.7
S2215,潘宗緯,45,97,67,209,69.7
S2216,何欣彤,94,87,99,280,93.3
S2217,曾彥宏,88,78,91,257,85.7
S2218,林宏達,99,59,87,245,81.7
S2219,鄭建宏,60,81,92,233,77.7
S2220,錢志偉,57,69,85,211,70.3
S2221,吳雅涵,73,78,56,207,69.0
S2222,江佩君,66,70,82,218,72.7
S2223,卓佩瑩,64,57,47,168,56.0
S2224,高雅慧,98,84,52,234,78.0
S2225,錢美瑤,95,95,67,257,85.7
S2226,方志豪,76,88,54,218,72.7
S2227,魏欣彤,63,84,80,227,75.7
S2228,許宗諺,49,96,63,208,69.3
S2229,王文凱,63,97,82,242,80.7
S2230,劉宇軒,45,72,67,184,61.3
S2231,王俊明,67,63,95,225,75.0
S2232,鍾淑媛,54,50,90,194,64.7
S2233,游俊傑,72,82,50,204,68.0
S2234,方品睿,67,60,96,223,74.3
S2235,紀建志,61,64,83,208,69.3
S2236,何俊宇,88,65,96,249,83.0
S2237,高俊傑,61,53,71,185,61.7
S2238,孫宇軒,50,64,81,195,65.0
S2239,魏淑惠,95,98,72,265,88.3
S2240,吳哲瑋,89,65,77,231,77.0
S2241,戴俊宇,74,71,71,216,72.0
S2242,魏冠穎,46,94,71,211,70.3
S2243,黃雅晴,64,95,60,219,73.0
S2244,高佩珊,84,79,81,244,81.3
S2245,方佳翰,53,70,87,210,70.0
S2246,王仁豪,74,98,48,220,73.3
S2247,黃建志,66,83,51,200,66.7
S2248,方雅慧,48,52,92,192,64.0
S2249,高佳蓉,89,58,78,225,75.0
S2250,鄭佳穎,53,59,88,200,66.7
S2251,鄭宇軒,91,45,96,232,77.3
S2252,潘雅文,52,49,45,146,48.7
S2253,鄭雅雯,78,51,60,189,63.0
S2254,邱建宏,98,77,73,248,82.7
S2255,葉冠廷,64,70,75,209,69.7
S2256,謝雅涵,61,97,84,242,80.7
S2257,羅雅晴,52,72,54,178,59.3
S2258,林冠宇,55,77,92,224,74.7
S2259,范品睿,63,63,87,213,71.0
S2260,吳佳穎,68,87,62,217,72.3
S2261,葉建志,74,71,97,242,80.7
S2262,錢宗諺,74,52,81,207,69.0
S2263,紀宇軒,47,86,86,219,73.0
S2264,石聖凱,53,74,91,218,72.7
S2265,魏建國,67,77,99,243,81.0
S2266,鍾仁豪,69,77,49,195,65.0
S2267,謝佩君,86,91,81,258,86.0
S2268,盧俊明,62,95,93,250,83.3
S2269,何雅琪,98,86,75,259,86.3
S2270,紀怡蓁,87,56,81,224,74.7
S2271,鍾欣彤,61,53,89,203,67.7
S2272,施佩蓉,67,82,84,233,77.7
S2273,葉建宏,99,91,55,245,81.7
S2274,楊建志,76,88,75,239,79.7
S2275,施怡君,51,56,91,198,66.0
S2276,紀欣妤,49,48,84,181,60.3
S2277,江明哲,73,93,68,234,78.0
S2278,曾淑芬,56,65,51,172,57.3
S2279,羅志遠,80,57,57,194,64.7
S2280,江宗諺,59,57,92,208,69.3
S2281,許仁豪,96,95,57,248,82.7
S2282,黃淑華,58,47,96,201,67.0
S2283,蔡雅玲,94,71,81,246,82.0
S2284,范雅慧,56,88,91,235,78.3
S2285,馬文凱,81,97,75,253,84.3
S2286,鍾博凱,80,99,53,232,77.3
S2287,李文翔,49,81,50,180,60.0
S2288,蔡淑娟,51,52,76,179,59.7
S2289,楊育誠,66,46,59,171,57.0
S2290,方欣儀,69,90,67,226,75.3
S2291,李雅惠,63,49,79,191,63.7
S2292,趙仁豪,84,77,64,225,75.0
S2293,葉雅涵,89,52,82,223,74.3
S2294,宋欣儀,86,46,47,179,59.7
S2295,盧俊傑,66,93,48,207,69.0
S2296,蔡昱廷,93,87,48,228,76.0
S2297,周志遠,84,89,98,271,90.3
S2298,陳明哲,71,83,92,246,82.0
S2299,石淑媛,75,53,62,190,63.3
S2300,陳冠霖,77,59,86,222,74.0
S2301,戴宇軒,95,99,59,253,84.3
S2302,林淑芬,94,95,96,285,95.0
S2303,洪淑惠,88,88,92,268,89.3
S2304,林佳蓉,69,94,69,232,77.3
S2305,蔡俊宇,80,53,52,185,61.7
S2306,羅博凱,68,67,57,192,64.0
S2307,盧宗翰,60,59,50,169,56.3
S2308,高宏達,92,93,96,281,93.7
S2309,范雅婷,91,60,97,248,82.7
S2310,張俊明,73,56,63,192,64.0
S2311,陳彥霖,86,60,63,209,69.7
S2312,蔡品妍,87,52,87,226,75.3
S2313,李育誠,58,76,90,224,74.7
S2314,戴雅萍,73,90,64,227,75.7
S2315,蘇雅琳,86,60,78,224,74.7
S2316,游育誠,77,51,48,176,58.7
S2317,戴雅晴,76,62,50,188,62.7
S2318,邱欣彤,59,64,92,215,71.7
S2319,孫家豪,91,97,95,283,94.3
S2320,鄭冠宇,89,73,86,248,82.7
S2321,魏淑芬,76,98,47,221,73.7
S2322,游文翔,64,97,50,211,70.3
S2323,張博凱,69,76,46,191,63.7
S2324,紀俊賢,59,58,69,186,62.0
S2325,謝雅涵,48,87,64,199,66.3
S2326,陳佩君,46,83,93,222,74.0
S2327,盧欣儀,96,93,82,271,90.3
S2328,邱雅慧,91,98,84,273,91.0
S2329,錢佳蓉,96,51,80,227,75.7
S2330,紀雅琳,99,79,74,252,84.0
S2331,錢美瑤,94,78,61,233,77.7
S2332,許淑萍,92,60,53,205,68.3
S2333,王彥宏,50,60,94,204,68.0
S2334,范志遠,70,47,84,201,67.0
S2335,游彥廷,95,86,96,277,92.3
S2336,曾宇軒,81,87,65,233,77.7
S2337,江雅筑,74,46,73,193,64.3
S2338,王聖凱,75,85,99,259,86.3
S2339,孫宗翰,82,50,62,194,64.7
S2340,石雅琪,73,56,61,190,63.3
S2341,游冠霖,53,59,85,197,65.7
S2342,謝博凱,86,48,59,193,64.3
S2343,劉美慧,88,77,73,238,79.3
S2344,高冠穎,90,59,48,197,65.7
S2345,江淑芬,88,99,99,286,95.3
S2346,戴美玲,83,60,67,210,70.0
S2347,吳哲瑋,52,77,49,178,59.3
S2348,周志遠,68,98,97,263,87.7
S2349,卓俊宇,63,54,46,163,54.3
S2350,施雅玲,66,71,86,223,74.3
S2351,蘇宗諺,84,46,55,185,61.7
S2352,蘇志龍,82,46,51,179,59.7
S2353,曾柏翰,77,90,94,261,87.0
S2354,鍾佩君,58,69,98,225,75.0
S2355,高志龍,69,93,86,248,82.7
S2356,黃雅萍,81,77,81,239,79.7
S2357,孫雅涵,91,52,99,242,80.7
S2358,馬怡蓁,75,87,78,240,80.0
S2359,馬彥宏,57,98,81,236,78.7
S2360,方雅慧,60,96,94,250,83.3
S2361,蘇柏翰,92,52,89,233,77.7
S2362,周宏達,68,50,67,185,61.7
S2363,孫雅玲,86,75,83,244,81.3
S2364,楊宏達,59,81,97,237,79.0
S2365,蔡怡君,94,71,88,253,84.3
S2366,高怡蓁,61,95,63,219,73.0
S2367,盧志偉,71,71,77,219,73.0
S2368,鄭雅文,56,74,45,175,58.3
S2369,許彥廷,93,80,90,263,87.7
S2370,宋佩珊,47,98,72,217,72.3
S2371,林雅琪,53,77,78,208,69.3
S2372,紀佩君,53,70,89,212,70.7
S2373,孫宗諺,52,66,97,215,71.7
S2374,盧雅晴,51,91,47,189,63.0
S2375,李佩君,73,71,85,229,76.3
S2376,羅佩宜,63,93,75,231,77.0
S2377,蔡佩蓉,97,77,50,224,74.7
S2378,鄭佩蓉,82,68,88,238,79.3
S2379,魏哲瑋,56,77,91,224,74.7
S2380,高建志,59,64,76,199,66.3
S2381,盧仁豪,78,82,77,237,79.0
S2382,錢文翔,65,93,56,214,71.3
S2383,鄭文凱,72,78,62,212,70.7
S2384,趙美華,51,67,63,181,60.3
S2385,許彥宏,76,73,59,208,69.3
S2386,許彥廷,83,93,51,227,75.7
S2387,楊淑真,51,58,80,189,63.0
S2388,鍾淑芬,83,47,79,209,69.7
S2389,范雅婷,76,98,97,271,90.3
S2390,林宗諺,81,72,91,244,81.3
S2391,羅淑萍,63,52,90,205,68.3
S2392,劉俊宇,76,61,50,187,62.3
S2393,蔡雅雯,67,96,50,213,71.0
S2394,楊美華,55,77,66,198,66.0
S2395,游威廷,88,94,49,231,77.0
S2396,施美玲,72,51,90,213,71.0
S2397,馬冠穎,87,98,85,270,90.0
S2398,陳雅婷,60,53,82,195,65.0
S2399,紀雅萍,88,57,61,206,68.7
S2400,宋志遠,91,76,63,230,76.7
S2401,蔡志偉,78,99,91,268,89.3
S2402,邱明哲,76,80,84,240,80.0
S2403,邱美玲,71,89,61,221,73.7
S2404,石承翰,60,85,67,212,70.7
S2405,宋美慧,64,98,59,221,73.7
S2406,方佳穎,95,85,70,250,83.3
S2407,曾品睿,63,51,59,173,57.7
S2408,劉雅琳,71,73,65,209,69.7
S2409,周雅雯,56,74,65,195,65.0
S2410,劉佳翰,90,53,94,237,79.0
S2411,宋佳穎,83,71,88,242,80.7
S2412,周彥宏,77,58,99,234,78.0
S2413,卓柏翰,61,88,65,214,71.3
S2414,卓哲瑋,72,70,61,203,67.7
S2415,張哲宇,66,85,97,248,82.7
S2416,陳宏達,59,81,55,195,65.0
S2417,范冠廷,84,84,66,234,78.0
S2418,蔡淑芬,91,46,96,233,77.7
S2419,紀昱廷,67,94,94,255,85.0
S2420,孫宗翰,78,58,68,204,68.0
S2421,范建國,98,79,70,247,82.3
S2422,楊建國,68,66,71,205,68.3
S2423,邱怡君,45,47,99,191,63.7
S2424,林欣彤,51,77,70,198,66.0
S2425,潘宗諺,64,46,59,169,56.3
S2426,周冠廷,97,95,69,261,87.0
S2427,葉彥宏,50,49,49,148,49.3
S2428,鍾欣妤,46,45,92,183,61.0
S2429,范淑真,51,92,82,225,75.0
S2430,葉彥霖,99,64,95,258,86.0
S2431,施建宏,64,62,74,200,66.7
S2432,洪志遠,75,69,63,207,69.0
S2433,錢宏達,80,62,75,217,72.3
S2434,方雅涵,77,60,69,206,68.7
S2435,林怡萱,68,93,79,240,80.0
S2436,吳志遠,46,70,94,210,70.0
S2437,楊品睿,81,51,86,218,72.7
S2438,何志偉,51,80,55,186,62.0
S2439,邱佳穎,82,60,50,192,64.0
S2440,鄭品睿,78,91,98,267,89.0
S2441,趙佳蓉,94,76,61,231,77.0
S2442,卓昱廷,98,54,47,199,66.3
S2443,施怡蓁,71,45,62,178,59.3
S2444,邱佳穎,79,76,65,220,73.3
S2445,周品睿,77,80,99,256,85.3
S2446,黃佩宜,89,49,69,207,69.0
S2447,蔡雅惠,78,92,52,222,74.0
S2448,許冠廷,47,72,76,195,65.0
S2449,許欣彤,76,53,92,221,73.7
S2450,孫志豪,63,52,72,187,62.3
S2451,方佩瑩,78,65,84,227,75.7
S2452,蘇雅惠,54,63,78,195,65.0
S2453,邱雅玲,78,83,61,222,74.0
S2454,宋昱廷,92,91,99,282,94.0
S2455,蔡品睿,45,65,71,181,60.3
S2456,謝明哲,45,64,89,198,66.0
S2457,洪建志,79,74,66,219,73.0
S2458,吳宗緯,83,55,49,187,62.3
S2459,戴雅萍,67,85,45,197,65.7
S2460,洪俊宇,82,91,64,237,79.0
S2461,蘇怡萱,61,80,79,220,73.3
S2462,洪志龍,51,91,58,200,66.7
S2463,游志遠,51,53,96,200,66.7
S2464,馬淑惠,66,81,94,241,80.3
S2465,高雅晴,87,75,58,220,73.3
S2466,許哲宇,58,50,96,204,68.0
S2467,石建國,75,45,65,185,61.7
S2468,李佳蓉,53,77,96,226,75.3
S2469,羅品睿,65,64,77,206,68.7
S2470,劉佳翰,69,94,69,232,77.3
S2471,宋仁豪,65,78,50,193,64.3
S2472,曾雅惠,85,98,62,245,81.7
S2473,鄭淑媛,73,76,89,238,79.3
S2474,江淑媛,72,86,67,225,75.0
S2475,謝家豪,99,74,94,267,89.0
S2476,戴淑玲,84,80,57,221,73.7
S2477,紀志豪,57,73,68,198,66.0
S2478,馬承翰,64,66,51,181,60.3
S2479,蘇宜蓁,45,83,62,190,63.3
S2480,陳品妍,70,47,89,206,68.7
S2481,江宗翰,81,97,46,224,74.7
S2482,宋淑萍,76,56,75,207,69.0
S2483,范美玲,68,46,84,198,66.0
S2484,鄭美慧,99,53,50,202,67.3
S2485,卓雅雯,48,73,85,206,68.7
S2486,張育誠,62,99,57,218,72.7
S2487,石雅慧,98,88,99,285,95.0
S2488,施雅惠,82,91,68,241,80.3
S2489,馬佳翰,71,98,87,256,85.3
S2490,張威廷,54,91,62,207,69.0
S2491,黃俊賢,62,83,57,202,67.3
S2492,鍾志豪,64,62,80,206,68.7
S2493,戴宗緯,81,98,89,268,89.3
S2494,黃淑萍,50,52,50,152,50.7
S2495,謝美慧,65,82,85,232,77.3
S2496,林雅婷,58,85,68,211,70.3
S2497,魏冠宇,64,98,88,250,83.3
S2498,洪佩珊,64,48,69,181,60.3
S2499,方俊明,81,65,71,217,72.3
S2500,楊佩瑩,57,56,63,176,58.7
S2501,江欣儀,50,76,67,193,64.3
S2502,高仁豪,73,98,85,256,85.3
S2503,許承翰,69,54,79,202,67.3
S2504,趙俊宇,67,86,96,249,83.0
S2505,方威廷,80,98,92,270,90.0
S2506,游文凱,61,58,74,193,64.3
S2507,江冠廷,78,87,85,250,83.3
S2508,謝宗緯,82,65,68,215,71.7
S2509,趙承翰,47,65,89,201,67.0
S2510,吳雅婷,55,71,75,201,67.0
S2511,盧建志,56,67,64,187,62.3
S2512,許志遠,93,46,73,212,70.7
S2513,石志遠,89,72,91,252,84.0
S2514,葉冠宇,61,91,68,220,73.3
S2515,曾佳翰,64,47,59,170,56.7
S2516,鍾俊宇,94,62,81,237,79.0
S2517,葉雅惠,77,55,64,196,65.3
S2518,曾欣彤,57,81,93,231,77.0
S2519,蔡昱廷,95,48,50,193,64.3
S2520,何淑真,96,67,74,237,79.0
S2521,葉志豪,87,54,57,198,66.0
S2522,謝志偉,56,60,99,215,71.7
S2523,邱冠宇,54,88,80,222,74.0
S2524,蘇建國,67,51,75,193,64.3
S2525,孫淑玲,75,87,69,231,77.0
S2526,魏淑華,69,53,65,187,62.3
S2527,蔡柏翰,63,97,88,248,82.7
S2528,錢雅涵,49,67,76,192,64.0
S2529,高彥霖,56,94,60,210,70.0
S2530,蘇威廷,97,45,84,226,75.3
S2531,曾雅琪,86,59,53,198,66.0
S2532,潘文凱,64,72,50,186,62.0
S2533,盧志遠,72,54,63,189,63.0
S2534,何品睿,47,61,71,179,59.7
S2535,謝仁豪,98,51,74,223,74.3
S2536,黃建志,86,70,96,252,84.0
S2537,王俊明,81,77,69,227,75.7
S2538,魏佳翰,72,94,48,214,71.3
S2539,何冠廷,83,96,96,275,91.7
S2540,羅品妍,90,66,99,255,85.0
S2541,范雅雯,95,56,72,223,74.3
S2542,范欣怡,54,45,66,165,55.0
S2543,高威廷,97,84,91,272,90.7
S2544,魏宗緯,63,47,52,162,54.0
S2545,潘宗翰,83,88,68,239,79.7
S2546,江宗諺,94,97,46,237,79.0
S2547,范宗諺,67,71,46,184,61.3
S2548,羅俊賢,83,52,67,202,67.3
S2549,陳怡萱,60,56,50,166,55.3
S2550,范志龍,85,76,72,233,77.7
S2551,游宗緯,89,84,60,233,77.7
S2552,馬美玲,49,65,68,182,60.7
S2553,陳建志,69,77,91,237,79.0
S2554,黃宇軒,72,70,46,188,62.7
S2555,謝欣儀,91,86,92,269,89.7
S2556,黃佩宜,52,95,57,204,68.0
S2557,趙宇軒,84,77,79,240,80.0
S2558,周佳蓉,68,81,75,224,74.7
S2559,邱佩宜,62,92,89,243,81.0
S2560,謝俊賢,83,70,56,209,69.7
S2561,方宏達,58,46,95,199,66.3
S2562,卓佩瑩,62,74,83,219,73.0
S2563,施哲宇,46,90,65,201,67.0
S2564,楊宗諺,91,90,83,264,88.0
S2565,魏怡蓁,66,79,69,214,71.3
S2566,宋雅婷,66,66,65,197,65.7
S2567,戴淑真,74,99,92,265,88.3
S2568,潘建國,88,69,61,218,72.7
S2569,葉志遠,50,85,76,211,70.3
S2570,孫欣怡,58,92,78,228,76.0
S2571,蘇柏翰,73,88,74,235,78.3
S2572,林承翰,55,84,67,206,68.7
S2573,趙建宏,93,63,80,236,78.7
S2574,潘淑惠,79,53,69,201,67.0
S2575,曾雅雯,51,70,58,179,59.7
S2576,邱美瑤,63,56,55,174,58.0
S2577,葉佩君,93,58,71,222,74.0
S2578,曾家豪,85,51,87,223,74.3
S2579,施雅涵,70,59,99,228,76.0
S2580,葉宗緯,63,97,73,233,77.7
S2581,許美慧,70,63,45,178,59.3
S2582,范淑萍,86,56,88,230,76.7
S2583,吳宏達,71,71,57,199,66.3
S2584,林佩珊,84,84,77,245,81.7
S2585,黃欣妤,46,65,84,195,65.0
S2586,周品睿,88,50,68,206,68.7
S2587,林淑惠,80,77,57,214,71.3
S2588,許冠宇,56,75,90,221,73.7
S2589,洪宗諺,49,46,58,153,51.0
S2590,趙冠宇,88,83,73,244,81.3
S2591,周淑萍,77,86,52,215,71.7
S2592,曾雅惠,60,74,91,225,75.0
S2593,李俊賢,88,88,71,247,82.3
S2594,馬淑惠,49,95,71,215,71.7
S2595,江雅涵,52,90,94,236,78.7
S2596,曾雅涵,90,46,73,209,69.7
S2597,宋佳蓉,63,96,70,229,76.3
S2598,陳威廷,85,86,73,244,81.3
S2599,錢淑華,54,99,61,214,71.3
S2600,高雅雯,91,55,68,214,71.3
S2601,卓淑真,60,95,75,230,76.7
S2602,邱昱廷,86,89,49,224,74.7
S2603,魏佳穎,93,60,93,246,82.0
S2604,江哲瑋,66,95,73,234,78.0
S2605,江怡蓁,47,93,53,193,64.3
S2606,鄭淑芬,59,68,81,208,69.3
S2607,蘇淑娟,90,55,81,226,75.3
S2608,何哲瑋,88,63,54,205,68.3
S2609,蔡宗諺,99,69,61,229,76.3
S2610,楊文凱,82,64,54,200,66.7
S2611,高家豪,91,77,92,260,86.7
S2612,馬博凱,55,67,86,208,69.3
S2613,鄭宜蓁,65,78,68,211,70.3
S2614,紀佳穎,86,55,78,219,73.0
S2615,宋文翔,45,87,49,181,60.3
S2616,盧文凱,59,54,62,175,58.3
S2617,曾雅雯,86,57,67,210,70.0
S2618,潘志豪,98,92,99,289,96.3
S2619,馬雅文,68,87,47,202,67.3
S2620,葉雅慧,77,49,62,188,62.7
S2621,孫雅涵,50,96,48,194,64.7
S2622,羅怡君,60,61,96,217,72.3
S2623,謝怡君,59,89,90,238,79.3
S2624,魏彥霖,62,80,62,204,68.0
S2625,黃雅琪,53,78,64,195,65.0
S2626,張冠宇,82,93,82,257,85.7
S2627,宋育誠,95,48,65,208,69.3
S2628,李冠廷,73,50,75,198,66.0
S2629,洪承翰,58,83,76,217,72.3
S2630,何佩蓉,72,52,91,215,71.7
S2631,羅雅文,82,96,85,263,87.7
S2632,石雅婷,61,93,71,225,75.0
S2633,曾志遠,66,77,75,218,72.7
S2634,鍾宇軒,61,79,60,200,66.7
S2635,盧冠穎,77,64,85,226,75.3
S2636,羅志遠,76,45,65,186,62.0
S2637,鍾建國,56,49,93,198,66.0
S2638,錢淑華,73,66,85,224,74.7
S2639,范雅文,94,51,93,238,79.3
S2640,楊威廷,64,65,94,223,74.3
S2641,馬宇軒,84,58,81,223,74.3
S2642,鄭俊傑,94,70,95,259,86.3
S2643,許雅晴,87,55,65,207,69.0
S2644,馬怡蓁,95,71,94,260,86.7
S2645,游彥廷,75,99,98,272,90.7
S2646,何宇軒,66,91,67,224,74.7
S2647,施俊宇,81,70,93,244,81.3
S2648,卓佳翰,48,71,67,186,62.0
S2649,蔡佩瑩,46,97,90,233,77.7
S2650,洪彥廷,63,98,68,229,76.3
S2651,林文翔,65,80,80,225,75.0
S2652,洪雅晴,77,73,99,249,83.0
S2653,游冠宇,55,65,91,211,70.3
S2654,宋佩蓉,75,47,94,216,72.0
S2655,紀佳穎,60,62,83,205,68.3
S2656,高建志,48,85,66,199,66.3
S2657,游雅筑,63,52,75,190,63.3
S2658,蔡雅琪,65,94,91,250,83.3
S2659,卓淑真,82,64,81,227,75.7
S2660,洪雅筑,60,65,81,206,68.7
S2661,范欣儀,80,78,97,255,85.0
S2662,方佩珊,94,94,49,237,79.0
S2663,施雅玲,94,73,92,259,86.3
S2664,邱宗緯,59,74,68,201,67.0
S2665,盧彥廷,61,83,92,236,78.7
S2666,林宏達,72,70,96,238,79.3
S2667,潘欣彤,48,77,68,193,64.3
S2668,林美玲,77,96,65,238,79.3
S2669,范志遠,66,85,49,200,66.7
S2670,李淑媛,94,52,79,225,75.0
S2671,許欣怡,81,74,84,239,79.7
S2672,洪佩宜,97,62,74,233,77.7
S2673,羅淑真,86,66,49,201,67.0
S2674,謝雅慧,74,78,94,246,82.0
S2675,錢怡萱,81,63,45,189,63.0
S2676,石淑芬,45,59,65,169,56.3
S2677,錢哲宇,82,88,94,264,88.0
S2678,施雅文,94,97,81,272,90.7
S2679,戴美瑤,54,57,94,205,68.3
S2680,鄭志遠,51,46,79,176,58.7
S2681,曾美玲,94,53,79,226,75.3
S2682,戴美華,65,59,87,211,70.3
S2683,邱建國,72,62,59,193,64.3
S2684,邱淑芬,53,73,52,178,59.3
S2685,紀文凱,69,48,73,190,63.3
S2686,羅文凱,94,69,82,245,81.7
S2687,劉志遠,77,82,91,250,83.3
S2688,馬文凱,52,76,92,220,73.3
S2689,曾柏翰,71,57,58,186,62.0
S2690,黃雅玲,75,61,77,213,71.0
S2691,劉淑芬,45,69,96,210,70.0
S2692,卓建志,67,68,64,199,66.3
S2693,李宇軒,59,89,50,198,66.0
S2694,紀淑芬,62,91,86,239,79.7
S2695,施冠宇,56,81,45,182,60.7
S2696,蔡佩珊,89,75,93,257,85.7
S2697,陳文凱,92,87,63,242,80.7
S2698,蘇雅惠,71,56,56,183,61.0
S2699,馬美慧,68,52,95,215,71.7
S2700,許文凱,64,70,85,219,73.0
S2701,蘇欣儀,84,65,46,195,65.0
S2702,林品睿,47,92,54,193,64.3
S2703,卓文翔,93,83,91,267,89.0
S2704,馬建志,45,67,59,171,57.0
S2705,黃明哲,52,75,74,201,67.0
S2706,卓雅涵,73,53,99,225,75.0
S2707,曾雅婷,64,75,75,214,71.3
S2708,江育誠,68,84,87,239,79.7
S2709,吳志遠,57,53,59,169,56.3
S2710,鍾志龍,59,87,50,196,65.3
S2711,吳雅琳,84,51,60,195,65.0
S2712,楊宇軒,66,90,74,230,76.7
S2713,高美瑤,62,93,53,208,69.3
S2714,施志龍,82,92,99,273,91.0
S2715,陳淑惠,85,48,95,228,76.0
S2716,洪雅婷,54,85,47,186,62.0
S2717,周柏翰,45,81,75,201,67.0
S2718,宋雅文,85,97,81,263,87.7
S2719,葉文凱,74,84,61,219,73.0
S2720,范彥宏,86,94,77,257,85.7
S2721,盧志遠,61,66,96,223,74.3
S2722,潘淑萍,87,51,87,225,75.0
S2723,盧欣儀,49,95,68,212,70.7
S2724,錢雅涵,53,51,59,163,54.3
S2725,魏雅雯,80,90,63,233,77.7
S2726,蔡淑娟,73,72,80,225,75.0
S2727,黃宜蓁,56,70,97,223,74.3
S2728,鍾哲宇,94,46,57,197,65.7
S2729,戴淑真,81,78,78,237,79.0
S2730,張雅玲,79,59,89,227,75.7
S2731,馬建國,51,88,55,194,64.7
S2732,石志龍,79,84,72,235,78.3
S2733,洪佳翰,63,69,78,210,70.0
S2734,卓淑萍,65,53,91,209,69.7
S2735,何彥廷,90,80,87,257,85.7
S2736,何博凱,83,49,48,180,60.0
S2737,卓品睿,97,55,93,245,81.7
S2738,周建國,86,71,70,227,75.7
S2739,高聖凱,49,59,62,170,56.7
S2740,蔡雅雯,91,92,82,265,88.3
S2741,鄭志龍,88,62,93,243,81.0
S2742,施冠廷,78,64,78,220,73.3
S2743,吳怡蓁,75,59,87,221,73.7
S2744,羅冠廷,79,92,84,255,85.0
S2745,魏昱廷,62,47,69,178,59.3
S2746,江宗緯,72,82,55,209,69.7
S2747,潘雅萍,78,51,50,179,59.7
S2748,曾雅玲,60,99,87,246,82.0
S2749,潘佩宜,71,48,85,204,68.0
S2750,吳佩瑩,98,91,91,280,93.3
S2751,游宜蓁,66,71,87,224,74.7
S2752,江欣怡,45,51,90,186,62.0
S2753,潘冠霖,59,82,72,213,71.0
S2754,游冠霖,80,83,98,261,87.0
S2755,趙仁豪,87,69,47,203,67.7
S2756,曾建志,81,51,52,184,61.3
S2757,周彥霖,71,97,70,238,79.3
S2758,陳哲瑋,99,74,81,254,84.7
S2759,馬佳翰,97,96,85,278,92.7
S2760,錢淑芬,58,81,56,195,65.0
S2761,林雅慧,51,63,71,185,61.7
S2762,林欣儀,67,97,88,252,84.0
S2763,戴冠宇,62,73,95,230,76.7
S2764,張彥廷,94,95,55,244,81.3
S2765,邱淑媛,86,65,92,243,81.0
S2766,葉美慧,99,76,99,274,91.3
S2767,黃博凱,79,92,96,267,89.0
S2768,楊宇軒,51,91,50,192,64.0
S2769,葉冠霖,85,56,93,234,78.0
S2770,紀冠霖,67,66,96,229,76.3
S2771,羅雅惠,55,65,46,166,55.3
S2772,劉宇軒,77,89,86,252,84.0
S2773,孫冠穎,79,56,70,205,68.3
S2774,石雅文,50,50,90,190,63.3
S2775,曾怡萱,99,61,54,214,71.3
S2776,盧怡萱,53,69,51,173,57.7
S2777,方欣怡,65,59,73,197,65.7
S2778,陳志龍,87,62,46,195,65.0
S2779,潘哲宇,60,59,73,192,64.0
S2780,邱宗諺,60,46,99,205,68.3
S2781,石哲瑋,71,80,80,231,77.0
S2782,趙志遠,99,78,82,259,86.3
S2783,葉淑惠,92,61,90,243,81.0
S2784,蘇欣儀,72,68,68,208,69.3
S2785,周聖凱,49,89,53,191,63.7
S2786,施怡君,95,79,82,256,85.3
S2787,蔡威廷,90,75,79,244,81.3
S2788,施彥霖,59,91,67,217,72.3
S2789,孫雅萍,74,62,81,217,72.3
S2790,張哲瑋,76,82,72,230,76.7
S2791,李雅惠,46,80,73,199,66.3
S2792,孫佩君,75,90,54,219,73.0
S2793,李雅琪,91,62,81,234,78.0
S2794,江淑芬,90,83,76,249,83.0
S2795,錢佩珊,70,58,87,215,71.7
S2796,羅宇軒,66,59,81,206,68.7
S2797,鍾淑真,94,79,88,261,87.0
S2798,高志豪,84,48,90,222,74.0
S2799,戴雅琪,84,49,78,211,70.3
S2800,卓雅文,60,83,94,237,79.0
S2801,謝淑芬,86,76,91,253,84.3
S2802,劉建志,70,81,89,240,80.0
S2803,紀淑惠,89,75,53,217,72.3
S2804,盧宇軒,67,56,90,213,71.0
S2805,錢佳穎,50,56,61,167,55.7
S2806,葉聖凱,86,85,50,221,73.7
S2807,盧建志,78,61,46,185,61.7
S2808,曾冠穎,48,88,68,204,68.0
S2809,吳仁豪,45,45,65,155,51.7
S2810,紀志遠,81,68,99,248,82.7
S2811,李雅文,85,84,76,245,81.7
S2812,謝佩君,51,88,54,193,64.3
S2813,曾志遠,73,90,99,262,87.3
S2814,謝雅筑,46,84,47,177,59.0
S2815,范雅雯,96,64,63,223,74.3
S2816,吳志遠,82,78,55,215,71.7
S2817,吳彥霖,54,84,66,204,68.0
S2818,魏淑媛,98,69,95,262,87.3
S2819,羅淑媛,49,66,60,175,58.3
S2820,蘇冠霖,57,95,70,222,74.0
S2821,陳品睿,96,98,87,281,93.7
S2822,高仁豪,50,87,86,223,74.3
S2823,施美瑤,81,89,79,249,83.0
S2824,馬育誠,86,57,63,206,68.7
S2825,施俊傑,63,85,72,220,73.3
S2826,葉志偉,76,46,76,198,66.0
S2827,吳品睿,84,69,64,217,72.3
S2828,潘雅琳,94,88,89,271,90.3
S2829,張美玲,57,50,64,171,57.0
S2830,高美瑤,79,56,86,221,73.7
S2831,施雅涵,46,48,64,158,52.7
S2832,紀育誠,48,97,97,242,80.7
S2833,錢欣彤,99,56,77,232,77.3
S2834,蘇美玲,58,51,74,183,61.0
S2835,謝美華,49,90,58,197,65.7
S2836,潘博凱,45,47,69,161,53.7
S2837,邱雅雯,63,45,60,168,56.0
S2838,盧淑惠,97,59,68,224,74.7
S2839,葉志龍,83,60,84,227,75.7
S2840,江佩宜,88,81,90,259,86.3
S2841,何彥宏,71,89,45,205,68.3
S2842,卓淑惠,62,98,57,217,72.3
S2843,潘志豪,85,89,70,244,81.3
S2844,陳雅筑,53,87,89,229,76.3
S2845,楊冠廷,52,55,95,202,67.3
S2846,潘育誠,65,55,92,212,70.7
S2847,江怡萱,63,79,63,205,68.3
S2848,方欣儀,51,93,52,196,65.3
S2849,葉雅文,50,80,99,229,76.3
S2850,潘仁豪,47,75,75,197,65.7
S2851,吳俊賢,98,69,56,223,74.3
S2852,黃雅琪,60,72,84,216,72.0
S2853,蘇志龍,73,83,94,250,83.3
S2854,陳宜蓁,94,57,94,245,81.7
S2855,邱美玲,81,45,54,180,60.0
S2856,盧欣儀,56,67,74,197,65.7
S2857,洪佳蓉,70,69,54,193,64.3
S2858,方雅萍,56,85,57,198,66.0
S2859,盧雅筑,46,73,49,168,56.0
S2860,周雅琳,80,55,54,189,63.0
S2861,孫佳蓉,52,88,49,189,63.0
S2862,卓淑芬,84,91,55,230,76.7
S2863,施志龍,51,88,59,198,66.0
S2864,王志遠,48,97,69,214,71.3
S2865,趙哲宇,93,85,47,225,75.0
S2866,趙淑芬,86,97,75,258,86.0
S2867,趙雅琳,88,84,69,241,80.3
S2868,羅怡君,88,76,84,248,82.7
S2869,江宗緯,75,54,74,203,67.7
S2870,范雅萍,54,63,85,202,67.3
S2871,謝淑惠,61,55,68,184,61.3
S2872,林宇軒,54,47,74,175,58.3
S2873,卓雅涵,99,59,70,228,76.0
S2874,蔡佩君,58,70,71,199,66.3
S2875,卓哲瑋,73,69,74,216,72.0
S2876,蘇佳翰,53,91,78,222,74.0
S2877,邱俊傑,81,57,91,229,76.3
S2878,石宗緯,80,93,95,268,89.3
S2879,卓宇軒,58,70,54,182,60.7
S2880,宋哲瑋,64,98,94,256,85.3
S2881,石俊傑,58,66,80,204,68.0
S2882,許欣彤,72,56,73,201,67.0
S2883,林淑惠,81,87,56,224,74.7
S2884,游美瑤,94,54,86,234,78.0
S2885,葉雅文,54,71,65,190,63.3
S2886,魏俊明,93,76,65,234,78.0
S2887,石雅晴,78,92,85,255,85.0
S2888,陳雅琪,50,46,45,141,47.0
S2889,張志偉,65,67,57,189,63.0
S2890,鄭淑娟,98,49,68,215,71.7
S2891,石佩蓉,98,73,75,246,82.0
S2892,盧雅琳,64,51,96,211,70.3
S2893,孫志龍,55,71,52,178,59.3
S2894,范欣妤,55,80,80,215,71.7
S2895,宋佩瑩,89,99,60,248,82.7
S2896,劉淑真,73,51,93,217,72.3
S2897,陳文翔,75,69,75,219,73.0
S2898,許佩蓉,89,97,68,254,84.7
S2899,羅美慧,73,46,76,195,65.0
S2900,趙昱廷,50,68,49,167,55.7
S2901,謝宇軒,88,70,54,212,70.7
S2902,劉雅文,85,65,63,213,71.0
S2903,黃冠霖,46,84,82,212,70.7
S2904,卓雅玲,99,61,57,217,72.3
S2905,鍾仁豪,46,76,65,187,62.3
S2906,許冠宇,89,64,61,214,71.3
S2907,羅雅慧,47,62,92,201,67.0
S2908,魏雅慧,80,47,53,180,60.0
S2909,石志遠,46,64,69,179,59.7
S2910,洪淑惠,69,47,89,205,68.3
S2911,游雅慧,68,96,77,241,80.3
S2912,錢昱廷,53,67,91,211,70.3
S2913,江佳穎,63,62,50,175,58.3
S2914,羅欣怡,96,87,65,248,82.7
S2915,鍾淑芬,96,53,96,245,81.7
S2916,吳志遠,68,49,54,171,57.0
S2917,趙欣怡,49,45,91,185,61.7
S2918,王雅慧,84,49,54,187,62.3
S2919,高淑萍,85,66,95,246,82.0
S2920,吳佳蓉,90,53,57,200,66.7
S2921,黃志偉,45,72,95,212,70.7
S2922,楊志偉,69,65,85,219,73.0
S2923,馬俊傑,90,76,83,249,83.0
S2924,謝承翰,48,73,56,177,59.0
S2925,鍾志遠,57,61,54,172,57.3
S2926,范雅文,89,52,89,230,76.7
S2927,李柏翰,93,59,55,207,69.0
S2928,葉佩蓉,63,83,71,217,72.3
S2929,鍾淑玲,72,61,97,230,76.7
S2930,戴欣彤,45,86,88,219,73.0
S2931,江建國,49,48,49,146,48.7
S2932,潘宗翰,84,93,97,274,91.3
S2933,錢哲瑋,45,92,88,225,75.0
S2934,黃家豪,89,88,83,260,86.7
S2935,李美華,73,67,92,232,77.3
S2936,宋宇軒,93,76,65,234,78.0
S2937,范雅文,59,82,55,196,65.3
S2938,陳欣妤,74,74,65,213,71.0
S2939,葉宗緯,73,54,54,181,60.3
S2940,紀建宏,53,95,65,213,71.0
S2941,紀淑真,70,68,45,183,61.0
S2942,錢美慧,54,82,56,192,64.0
S2943,邱佳翰,75,54,62,191,63.7
S2944,盧冠霖,70,55,64,189,63.0
S2945,孫俊傑,76,83,91,250,83.3
S2946,潘建國,76,87,48,211,70.3
S2947,戴雅琪,65,90,75,230,76.7
S2948,曾冠宇,78,76,96,250,83.3
S2949,邱志豪,64,85,55,204,68.0
S2950,盧雅晴,72,84,52,208,69.3
S2951,曾宗諺,66,91,68,225,75.0
S2952,蔡品睿,49,46,73,168,56.0
S2953,蘇文凱,65,89,59,213,71.0
S2954,施品妍,95,62,80,237,79.0
S2955,盧雅慧,89,57,53,199,66.3
S2956,施美瑤,59,90,82,231,77.0
S2957,石冠宇,76,81,75,232,77.3
S2958,林建志,69,93,54,216,72.0
S2959,石仁豪,76,74,83,233,77.7
S2960,游文翔,94,57,95,246,82.0
S2961,游雅玲,99,94,48,241,80.3
S2962,宋志豪,65,67,97,229,76.3
S2963,石志龍,95,62,65,222,74.0
S2964,潘怡蓁,79,57,97,233,77.7
S2965,洪怡蓁,83,52,63,198,66.0
S2966,張雅文,78,96,77,251,83.7
S2967,方文翔,72,89,97,258,86.0
S2968,王文凱,54,63,46,163,54.3
S2969,林欣妤,50,68,74,192,64.0
S2970,鄭文翔,80,55,83,218,72.7
S2971,羅淑華,62,74,62,198,66.0
S2972,洪淑萍,63,55,82,200,66.7
S2973,蔡建宏,52,48,65,165,55.0
S2974,孫志龍,65,98,91,254,84.7
S2975,紀佩宜,86,65,70,221,73.7
S2976,謝俊賢,86,63,65,214,71.3
S2977,趙美玲,77,48,91,216,72.0
S2978,蔡明哲,53,54,51,158,52.7
S2979,馬冠宇,50,93,68,211,70.3
S2980,戴宏達,66,93,49,208,69.3
S2981,潘宗翰,78,71,86,235,78.3
S2982,葉淑媛,97,50,97,244,81.3
S2983,邱冠廷,93,61,59,213,71.0
S2984,周冠穎,46,48,86,180,60.0
S2985,楊俊賢,59,93,59,211,70.3
S2986,鄭佩珊,77,65,65,207,69.0
S2987,紀怡萱,46,77,93,216,72.0
S2988,方宏達,80,49,47,176,58.7
S2989,洪淑玲,59,82,76,217,72.3
S2990,王志偉,82,68,77,227,75.7
S2991,許志龍,79,45,85,209,69.7
S2992,石冠穎,68,77,69,214,71.3
S2993,許怡蓁,61,66,57,184,61.3
S2994,施怡萱,52,86,63,201,67.0
S2995,羅彥霖,86,87,77,250,83.3
S2996,葉冠廷,47,69,96,212,70.7
S2997,吳淑玲,57,93,81,231,77.0
S2998,何淑玲,82,97,64,243,81.0
S2999,蘇哲宇,81,98,61,240,80.0
S3000,邱淑娟,45,58,98,201,67.0
